SKU,Tên thuộc tính,Giá trị thuộc tính,Tên thuộc tính,Giá trị thuộc tính,,,Hiện thuộc tính,Thuộc tính mặc định,RegularPrice,price
2790962,Thương hiệu,KILIAN Paris,Kích thước,1.7 oz / 50 ml eau de parfum spray,,Giá trị thuộc tính,có,,"27,5","700012,5"
2821700,Thương hiệu,Dolce&Gabbana,Kích thước,0.33 oz / 10 mL eau de parfum spray,,KILIAN Paris,có,,"3,8",96729
1019983,Thương hiệu,Dolce&Gabbana,Kích thước,2.5 oz/ 75 mL,,Dolce&Gabbana,có,,"9,1","231640,5"
1112481,Thương hiệu,Versace,Kích thước,3.4 oz/ 100 mL,,Versace,có,,"10,5","267277,5"
1200716,Thương hiệu,Yves Saint Laurent,Kích thước,3.3 oz/ 100 mL,,Yves Saint Laurent,có,,11,280005
1200773,Thương hiệu,Rabanne,Kích thước,3.4 oz/ 100 mL,,Rabanne,có,,12,305460
1284710,Thương hiệu,CHANEL,Kích thước,1.7 oz,,CHANEL,có,,11,280005
1359306,Thương hiệu,Versace,Kích thước,6.7 oz/ 200 mL,,DIOR,có,,14,356370
1513225,Thương hiệu,Versace,Kích thước,3.4 oz/ 100 mL,,TOM FORD,có,,"10,5","267277,5"
1695980,Thương hiệu,CHANEL,Kích thước,3.4 oz,,Montblanc,có,,"15,7","399643,5"
1703495,Thương hiệu,DIOR,Kích thước,2.5 oz/ 75 mL,,Prada,có,,11,280005
1706423,Thương hiệu,TOM FORD,Kích thước,3.4 oz/ 100 mL,,Armani Beauty,có,,24,610920
1739317,Thương hiệu,DIOR,Kích thước,2 oz/ 60 mL,,Valentino,có,,11,280005
1810688,Thương hiệu,Montblanc,Kích thước,1.7 oz/ 50 mL,,Carolina Herrera,có,,8,203640
1849207,Thương hiệu,Versace,Kích thước,3.4 oz/ 100 mL,,BURBERRY,có,,"10,5","267277,5"
2038123,Thương hiệu,DIOR,Kích thước,2.0 oz/ 60 mL,,Maison Louis Marie,có,,13,330915
2065415,Thương hiệu,CHANEL,Kích thước,3.4 oz/ 100 mL,,HERMÈS,có,,"19,3","491281,5"
2099729,Thương hiệu,Prada,Kích thước,3.4 oz/ 101 mL,,Jo Malone London,có,,14,356370
2099885,Thương hiệu,Yves Saint Laurent,Kích thước,3.4 oz/ 100 mL eau de parfum spray,,Ellis Brooklyn,có,,"15,5","394552,5"
2205466,Thương hiệu,Armani Beauty,Kích thước,3.4 oz/ 100 ml eau de parfum spray,,Viktor&Rolf,có,,11,280005
2227908,Thương hiệu,Montblanc,Kích thước,3.3 oz/ 100 mL Eau de Parfum Spray,,CLEAN RESERVE,có,,"12,5","318187,5"
2267797,Thương hiệu,DIOR,Kích thước,3.4 oz / 100 mL,,LoveShackFancy,có,,"19,3","491281,5"
2302099,Thương hiệu,Valentino,Kích thước,1.7 oz/ 50 mL,,FORVR Mood,có,,"9,7","246913,5"
2353498,Thương hiệu,Carolina Herrera,Kích thước,1.7 oz/ 50 mL,,5 SENS,có,,"9,4",239277
2373629,Thương hiệu,Montblanc,Kích thước,3.4 oz/ 100 mL,,KAYALI,có,,12,305460
2408292,Thương hiệu,TOM FORD,Kích thước,1.7oz/ 50 mL,,Charlotte Tilbury,có,,16,407280
2467454,Thương hiệu,DIOR,Kích thước,2 oz/ 60 mL,,Maison Margiela,có,,"19,3","491281,5"
2470086,Thương hiệu,Prada,Kích thước,3.3 oz/ 100 mL,,BROWN GIRL Jane,có,,12,305460
2543734,Thương hiệu,Valentino,Kích thước,3.4 oz/ 100 mL,,Sephora Favorites,có,,"12,5","318187,5"
2545697,Thương hiệu,Carolina Herrera,Kích thước,1.7 oz / 50 mL eau de parfum spray,,Gucci,có,,"11,1","282550,5"
2546216,Thương hiệu,Yves Saint Laurent,Kích thước,3.4 oz / 100 mL,,PHLUR,có,,"12,5","318187,5"
2549947,Thương hiệu,Montblanc,Kích thước,1.7 oz/ 50 mL,,Commodity,có,,9,229095
2603363,Thương hiệu,BURBERRY,Kích thước,3.3 oz / 100mL,,DedCool,có,,"15,3","389461,5"
2639821,Thương hiệu,Valentino,Kích thước,1.7 oz / 50 mL eau de parfum spray,,Ariana Grande,có,,11,280005
2706273,Thương hiệu,Yves Saint Laurent,Kích thước,3.4 oz / 100 ml eau de parfum spray,,Glossier,có,,"15,5","394552,5"
2736536,Thương hiệu,Valentino,Kích thước,3.4 oz eau de toilette spray,,Marc Jacobs Fragrances,có,,"12,5","318187,5"
2741643,Thương hiệu,TOM FORD,Kích thước,3.4 oz / 100 ml eau de parfum spray,,Chloé,có,,24,610920
2765576,Thương hiệu,Dolce&Gabbana,Kích thước,3.3 oz eau de parfum spray,,Lancôme,có,,"14,5","369097,5"
2821692,Thương hiệu,Dolce&Gabbana,Kích thước,1.6 oz / 50 mL eau de parfum spray,,NEST New York,có,,"10,2",259641
397299,Thương hiệu,Armani Beauty,Kích thước,3.3 oz / 100 ml eau de toilette spray,,Juliette Has a Gun,có,,"11,5","292732,5"
1113281,Thương hiệu,CHANEL,Kích thước,3 x 0.7 oz,,GUERLAIN,có,,14,356370
2321123,Thương hiệu,Maison Louis Marie,,,,Sol de Janeiro,có,,"2,8",71274
2412120,Thương hiệu,HERMÈS,,,,The 7 Virtues,có,,6,152730
2412120,Thương hiệu,HERMÈS,,,,By Rosie Jane,có,,6,152730
2561835,Thương hiệu,Yves Saint Laurent,,,,OUAI,có,,"3,5","89092,5"
2616555,Thương hiệu,Jo Malone London,,,,Mugler,có,,2,50910
2616555,Thương hiệu,Jo Malone London,,,,SKYLAR,có,,2,50910
2619799,Thương hiệu,Ellis Brooklyn,,,,Moroccanoil,có,,"1,47","37418,85"
2640019,Thương hiệu,Ellis Brooklyn,,,,World of Chris Collins,có,,"4,72","120147,6"
2648400,Thương hiệu,HERMÈS,,,,HERETIC,có,,6,152730
2648400,Thương hiệu,HERMÈS,,,,Nette,có,,6,152730
2650794,Thương hiệu,Viktor&Rolf,,,,Floral Street,có,,"3,9","99274,5"
2650802,Thương hiệu,Viktor&Rolf,,,,Henry Rose,có,,"15,5","394552,5"
2655603,Thương hiệu,Armani Beauty,,,,JIMMY CHOO,có,,"3,2",81456
2658128,Thương hiệu,CLEAN RESERVE,,,,Rare Beauty by Selena Gomez,có,,"1,96","49891,8"
2664746,Thương hiệu,Versace,,,,Salt & Stone,có,,"2,5","63637,5"
2693026,Thương hiệu,Ellis Brooklyn,,,,Jean Paul Gaultier,có,,"2,45","62364,75"
2701258,Thương hiệu,Valentino,,,,Gisou,có,,"3,5","89092,5"
2706877,Thương hiệu,Prada,,,,MERIT,có,,"3,9","99274,5"
2708147,Thương hiệu,LoveShackFancy,,,,Montale,có,,"1,125","28636,875"
2718781,Thương hiệu,FORVR Mood,,,,The Maker,có,,"2,4",61092
2748978,Thương hiệu,5 SENS,,,,Ralph Lauren,có,,"2,5","63637,5"
2752640,Thương hiệu,KAYALI,,,,,có,,10,254550
2758746,Thương hiệu,Viktor&Rolf,,,,,có,,5,127275
2761914,Thương hiệu,Charlotte Tilbury,,,,,có,,3,76365
2761963,Thương hiệu,Maison Margiela,,,,,có,,"3,9","99274,5"
2764975,Thương hiệu,Jo Malone London,,,,,có,,"7,7","196003,5"
2771798,Thương hiệu,BROWN GIRL Jane,,,,,có,,3,76365
2771897,Thương hiệu,Jo Malone London,,,,,có,,10,254550
2778868,Thương hiệu,Sephora Favorites,,,,,có,,"8,8",224004
2779569,Thương hiệu,Jo Malone London,,,,,có,,"11,8",300369
2781847,Thương hiệu,LoveShackFancy,,,,,có,,"1,8",45819
2786572,Thương hiệu,Dolce&Gabbana,,,,,có,,"3,5","89092,5"
2788198,Thương hiệu,Gucci,,,,,có,,"6,8",173094
2789006,Thương hiệu,KILIAN Paris,,,,,có,,"33,5","852742,5"
2790061,Thương hiệu,Carolina Herrera,,,,,có,,"3,9","99274,5"
2791499,Thương hiệu,DIOR,,,,,có,,"16,5","420007,5"
2791564,Thương hiệu,DIOR,,,,,có,,"19,4",493827
2795086,Thương hiệu,Gucci,,,,,có,,"3,5","89092,5"
2796308,Thương hiệu,KILIAN Paris,,,,,có,,"30,5","776377,5"
2796316,Thương hiệu,KILIAN Paris,,,,,có,,21,534555
2799237,Thương hiệu,5 SENS,,,,,có,,7,178185
2799955,Thương hiệu,Ellis Brooklyn,,,,,có,,"5,625","143184,375"
2800076,Thương hiệu,Prada,,,,,có,,18,458190
2800175,Thương hiệu,Sephora Favorites,,,,,có,,"9,5","241822,5"
2801090,Thương hiệu,PHLUR,,,,,có,,"10,9","277459,5"
2801447,Thương hiệu,Commodity,,,,,có,,"4,5","114547,5"
2804961,Thương hiệu,Armani Beauty,,,,,có,,"9,5","241822,5"
2804979,Thương hiệu,Armani Beauty,,,,,có,,"8,2",208731
2805091,Thương hiệu,Sephora Favorites,,,,,có,,"9,5","241822,5"
2806180,Thương hiệu,Carolina Herrera,,,,,có,,"15,5","394552,5"
2808491,Thương hiệu,KAYALI,,,,,có,,10,254550
2808517,Thương hiệu,KAYALI,,,,,có,,"2,8",71274
2808558,Thương hiệu,Charlotte Tilbury,,,,,có,,15,381825
2809283,Thương hiệu,DedCool,,,,,có,,"3,75","95456,25"
2809853,Thương hiệu,Maison Louis Marie,,,,,có,,"2,5","63637,5"
2809986,Thương hiệu,Gucci,,,,,có,,"7,63","194221,65"
2810000,Thương hiệu,BURBERRY,,,,,có,,"10,9","277459,5"
2810026,Thương hiệu,BURBERRY,,,,,có,,"10,9","277459,5"
2810034,Thương hiệu,Gucci,,,,,có,,5,127275
2810133,Thương hiệu,Carolina Herrera,,,,,có,,"9,2",234186
2811743,Thương hiệu,HERMÈS,,,,,có,,"14,1","358915,5"
2811768,Thương hiệu,FORVR Mood,,,,,có,,"9,8",249459
2813780,Thương hiệu,Ariana Grande,,,,,có,,"2,8",71274
2814747,Thương hiệu,Glossier,,,,,có,,8,203640
2795292,Thương hiệu,Marc Jacobs Fragrances,,,,,có,,3,76365
1001098,Thương hiệu,CHANEL,Kích thước,3.4 oz,,,có,,"14,5","369097,5"
1007723,Thương hiệu,TOM FORD,Kích thước,1.7oz/ 50mL,,,có,,16,407280
1029958,Thương hiệu,Marc Jacobs Fragrances,Kích thước,3.3 oz / 100 ml eau de toilette spray,,,có,,"13,7","348733,5"
1063619,Thương hiệu,Versace,Kích thước,3 oz/ 90 mL,,,có,,11,280005
1237379,Thương hiệu,CHANEL,Kích thước,1.7 oz,,,có,,"11,3","287641,5"
1251164,Thương hiệu,Chloé,Kích thước,1 oz/ 30 mL,,,có,,"10,5","267277,5"
1284249,Thương hiệu,Armani Beauty,Kích thước,1.7 oz/ 50 mL,,,có,,"9,9","252004,5"
1317635,Thương hiệu,Marc Jacobs Fragrances,Kích thước,4.25 oz/ 125 mL,,,có,,"15,3","389461,5"
1361930,Thương hiệu,Prada,Kích thước,1.7 oz/ 50 mL,,,có,,"12,5","318187,5"
1377159,Thương hiệu,Viktor&Rolf,Kích thước,3.4 oz/ 100 mL,,,có,,18,458190
1400001,Thương hiệu,CHANEL,Kích thước,0.7 oz eau de toilette,,,có,,12,305460
1406586,Thương hiệu,Versace,Kích thước,3 oz/ 90 mL eau de toilette spray,,,có,,11,280005
1449115,Thương hiệu,TOM FORD,Kích thước,1.7 oz/ 50 mL,,,có,,30,763650
1449149,Thương hiệu,TOM FORD,Kích thước,1.7 oz/ 50 mL,,,có,,30,763650
1449214,Thương hiệu,TOM FORD,Kích thước,1.7 oz/ 50 mL,,,có,,30,763650
1449289,Thương hiệu,TOM FORD,Kích thước,1.7 oz/ 50 mL,,,có,,30,763650
1459999,Thương hiệu,Lancôme,Kích thước,1.7 oz/ 50 mL,,,có,,12,305460
1565902,Thương hiệu,TOM FORD,Kích thước,1.7 oz/ 50 mL,,,có,,30,763650
1585009,Thương hiệu,NEST New York,Kích thước,1.7 oz/ 50 mL,,,có,,"9,2",234186
1593144,Thương hiệu,Maison Margiela,Kích thước,3.4 oz/ 100 mL eau de toilette spray,,,có,,"16,5","420007,5"
1601301,Thương hiệu,Dolce&Gabbana,Kích thước,2.5 oz / 75 mL eau de parfum spray,,,có,,14,356370
1602259,Thương hiệu,Maison Margiela,Kích thước,3.4 oz / 100 ml eau de toilette spray,,,có,,"16,5","420007,5"
1605385,Thương hiệu,Versace,Kích thước,3 oz/ 90 mL,,,có,,13,330915
1632777,Thương hiệu,TOM FORD,Kích thước,1.7 oz/ 50 mL,,,có,,16,407280
1688852,Thương hiệu,Yves Saint Laurent,Kích thước,3 oz/ 90 mL,,,có,,16,407280
1696921,Thương hiệu,Versace,Kích thước,3.4 oz/ 100 mL,,,có,,13,330915
1698299,Thương hiệu,Yves Saint Laurent,Kích thước,0.33 oz/ 10 mL eau de parfum spray,,,có,,"3,5","89092,5"
1703321,Thương hiệu,Juliette Has a Gun,Kích thước,3.3 oz/ 100 mL,,,có,,15,381825
1712918,Thương hiệu,Versace,Kích thước,0.34 oz/ 10 mL,,,có,,"3,3","84001,5"
1731918,Thương hiệu,Gucci,Kích thước,1 oz,,,có,,"9,3","236731,5"
1788058,Thương hiệu,Maison Margiela,Kích thước,3.4 oz/ 100 mL,,,có,,"16,5","420007,5"
1808088,Thương hiệu,TOM FORD,Kích thước,1.7 oz/ 50 mL,,,có,,30,763650
1837624,Thương hiệu,CHANEL,Kích thước,1.7 oz/ 50 mL,,,có,,"13,8",351279
1838010,Thương hiệu,BURBERRY,Kích thước,3 oz/ 89 mL,,,có,,18,458190
1838861,Thương hiệu,Yves Saint Laurent,Kích thước,1.6 oz/ 47 mL,,,có,,12,305460
1856491,Thương hiệu,Juliette Has a Gun,Kích thước,3.3 oz/ 100 mL Eau de Parfum Spray,,,có,,15,381825
1873397,Thương hiệu,Ellis Brooklyn,Kích thước,1.7 oz/ 50 mL Eau de Parfum Spray,,,có,,"5,5","140002,5"
1873405,Thương hiệu,Ellis Brooklyn,Kích thước,1.7 oz/ 50 mL Eau de Parfum Spray,,,có,,11,280005
1912591,Thương hiệu,DIOR,Kích thước,3.4 oz/ 100 mL,,,có,,"14,5","369097,5"
1915487,Thương hiệu,Ellis Brooklyn,Kích thước,1.7 oz/ 50 mL Eau de Parfum Spray,,,có,,"5,5","140002,5"
1915537,Thương hiệu,GUERLAIN,Kích thước,3.3 oz/ 100 mL,,,có,,16,407280
1928548,Thương hiệu,Yves Saint Laurent,Kích thước,0.34 oz/ 10 mL,,,có,,"3,5","89092,5"
1930759,Thương hiệu,Sol de Janeiro,Kích thước,8.1 oz/ 240 mL,,,có,,"3,8",96729
1942812,Thương hiệu,Dolce&Gabbana,Kích thước,3.3 oz/ 100 mL,,,có,,"14,5","369097,5"
1964840,Thương hiệu,Gucci,Kích thước,1.6 oz/ 50 mL,,,có,,"13,5","343642,5"
1976075,Thương hiệu,BURBERRY,Kích thước,3.0 oz/ 90 mL eau de parfum spray,,,có,,"16,8",427644
1976554,Thương hiệu,HERMÈS,Kích thước,2.8 oz/ 83 mL,,,có,,"15,5","394552,5"
1985779,Thương hiệu,CLEAN RESERVE,Kích thước,0.34 oz/ 10 mL,,,có,,"1,6",40728
1985779,Thương hiệu,CLEAN RESERVE,Kích thước,0.34 oz/ 10 mL,,,có,,"1,6",40728
1992627,Thương hiệu,Maison Margiela,Kích thước,3.4 oz/ 100 mL,,,có,,"16,5","420007,5"
2036788,Thương hiệu,CLEAN RESERVE,Kích thước,0.33 oz/ 10 mL,,,có,,"2,24","57019,2"
2037471,Thương hiệu,Chloé,Kích thước,2.5 oz/ 75 mL,,,có,,"16,2",412371
2037935,Thương hiệu,Armani Beauty,Kích thước,1.7 oz/ 50 mL,,,có,,13,330915
2038917,Thương hiệu,TOM FORD,Kích thước,0.33 oz/10 mL,,,có,,5,127275
2038933,Thương hiệu,TOM FORD,Kích thước,1.7 oz/ 50 mL,,,có,,16,407280
2040475,Thương hiệu,CHANEL,Kích thước,1.7 oz/ 50 mL,,,có,,"14,2",361461
2047801,Thương hiệu,The 7 Virtues,Kích thước,1.7 oz/ 50 mL Eau de Parfum Spray,,,có,,"9,4",239277
2052546,Thương hiệu,Versace,Kích thước,1.7 oz/ 50 mL,,,có,,"10,5","267277,5"
2056208,Thương hiệu,TOM FORD,Kích thước,1.7 oz/ 50 mL,,,có,,"40,5","1030927,5"
2077980,Thương hiệu,Maison Louis Marie,Kích thước,1.7 oz/ 50 mL,,,có,,"9,3","236731,5"
2098044,Thương hiệu,DIOR,Kích thước,.7 oz / 20 mL eau de toilette rollerball,,,có,,"4,6",117093
2101293,Thương hiệu,TOM FORD,Kích thước,1.7oz/ 50mL,,,có,,"40,5","1030927,5"
2101368,Thương hiệu,TOM FORD,Kích thước,0.3 oz/ 10 mL,,,có,,"7,5","190912,5"
2160455,Thương hiệu,BURBERRY,Kích thước,1.6 oz/ 50 mL eau de parfum spray,,,có,,"13,5","343642,5"
2175727,Thương hiệu,TOM FORD,Kích thước,0.33 oz/ 10 mL,,,có,,"8,5","216367,5"
2175982,Thương hiệu,Juliette Has a Gun,Kích thước,3.3 oz / 100 mL,,,có,,15,381825
2176071,Thương hiệu,Marc Jacobs Fragrances,Kích thước,3.3 oz/ 100 mL,,,có,,"13,7","348733,5"
2176196,Thương hiệu,Gucci,Kích thước,1.6 oz/ 50 mL,,,có,,"13,5","343642,5"
2176584,Thương hiệu,Ellis Brooklyn,Kích thước,0.33oz/10mL,,,có,,"1,65","42000,75"
2176626,Thương hiệu,Ellis Brooklyn,Kích thước,1.7oz/50mL,,,có,,"5,5","140002,5"
2177996,Thương hiệu,Maison Margiela,Kích thước,3.4oz/ 100mL,,,có,,"16,5","420007,5"
2196996,Thương hiệu,CLEAN RESERVE,Kích thước,1oz/30mL,,,có,,"3,08","78401,4"
2197143,Thương hiệu,CLEAN RESERVE,Kích thước,2 oz / 60 mL,,,có,,"5,18","131856,9"
2202380,Thương hiệu,Jo Malone London,Kích thước,2 x 0.3oz/9mL,,,có,,5,127275
2236214,Thương hiệu,By Rosie Jane,Kích thước,1.7 oz/ 50 mL Eau De Parfum Spray,,,có,,8,203640
2236222,Thương hiệu,By Rosie Jane,Kích thước,1.7 oz/ 50 mL,,,có,,8,203640
2236255,Thương hiệu,By Rosie Jane,Kích thước,1.7 / 50,,,có,,8,203640
2238145,Thương hiệu,CHANEL,Kích thước,3.4 oz/ 100 mL,,,có,,"17,2",437826
2249621,Thương hiệu,Lancôme,Kích thước,1.7 oz/ 50 mL,,,có,,"11,8",300369
2251205,Thương hiệu,TOM FORD,Kích thước,1.7 oz/ 50 mL,,,có,,30,763650
2288025,Thương hiệu,Juliette Has a Gun,Kích thước,3.3 oz Eau de Parfum Spray,,,có,,"16,5","420007,5"
2316032,Thương hiệu,Yves Saint Laurent,Kích thước,3.04 oz/ 90 mL,,,có,,"14,5","369097,5"
2316099,Thương hiệu,CLEAN RESERVE,Kích thước,3.4 oz/ 100 mL,,,có,,"7,7","196003,5"
2316255,Thương hiệu,Maison Margiela,Kích thước,3.4 oz/ 100 mL,,,có,,"16,5","420007,5"
2316362,Thương hiệu,Juliette Has a Gun,Kích thước,3.3 oz/ 100 mL,,,có,,15,381825
2317345,Thương hiệu,Ellis Brooklyn,Kích thước,1.7 oz/ 50 mL,,,có,,11,280005
2317352,Thương hiệu,Ellis Brooklyn,Kích thước,1.7 oz/ 50 mL,,,có,,11,280005
2318756,Thương hiệu,TOM FORD,Kích thước,1.7 oz/ 50 mL,,,có,,"40,5","1030927,5"
2319424,Thương hiệu,Armani Beauty,Kích thước,1 oz/ 30 mL,,,có,,7,178185
2320109,Thương hiệu,KILIAN Paris,Kích thước,1.7 oz / 50 mL Eau de Parfum Spray,,,có,,"29,5","750922,5"
2320133,Thương hiệu,KILIAN Paris,Kích thước,1.7 oz / 50 mL eau de parfum spray,,,có,,"29,5","750922,5"
2320174,Thương hiệu,KILIAN Paris,Kích thước,1.7 oz/ 50 mL Eau de Parfum Spray,,,có,,"29,5","750922,5"
2320240,Thương hiệu,DIOR,Kích thước,0.67 oz/ 20 mL,,,có,,"5,6",142548
2327278,Thương hiệu,TOM FORD,Kích thước,1.5 oz/ 45 mL,,,có,,4,101820
2327278,Thương hiệu,TOM FORD,Kích thước,1.5 oz/ 45 mL,,,có,,4,101820
2355451,Thương hiệu,KILIAN Paris,Kích thước,0.24 oz / 7.5 mL eau de parfum spray,,,có,,5,127275
2361038,Thương hiệu,Maison Margiela,Kích thước,3.4 oz/ 100 mL,,,có,,"16,5","420007,5"
2362812,Thương hiệu,Marc Jacobs Fragrances,Kích thước,3.3 oz/ 100 mL,,,có,,16,407280
2362838,Thương hiệu,KILIAN Paris,Kích thước,1.7 oz / 50 mL eau de parfum spray,,,có,,"27,5","700012,5"
2369288,Thương hiệu,TOM FORD,Kích thước,3.4 oz/ 100 mL,,,có,,30,763650
2369338,Thương hiệu,TOM FORD,Kích thước,1.7 oz/ 50 mL,,,có,,"40,5","1030927,5"
2369387,Thương hiệu,TOM FORD,Kích thước,0.33 oz/ 10 mL,,,có,,"8,5","216367,5"
2369940,Thương hiệu,OUAI,Kích thước,0.34 fl oz/ 10 mL,,,có,,"2,6",66183
2370401,Thương hiệu,Valentino,Kích thước,1.7 oz/ 50 mL,,,có,,"13,5","343642,5"
2370435,Thương hiệu,Valentino,Kích thước,0.33 oz/ 10 mL,,,có,,"3,5","89092,5"
2371888,Thương hiệu,Yves Saint Laurent,Kích thước,5.07 oz / 147 mL eau de parfum spray,,,có,,"19,5","496372,5"
2371987,Thương hiệu,CHANEL,Kích thước,3.4 oz/ 100 mL,,,có,,"14,5","369097,5"
2373876,Thương hiệu,DIOR,Kích thước,1.7 oz/ 50 mL,,,có,,"14,2",361461
2376044,Thương hiệu,Sol de Janeiro,Kích thước,3.0 oz/ 90 mL,,,có,,"2,5","63637,5"
2399764,Thương hiệu,Maison Margiela,Kích thước,3.4 oz / 100 mL,,,có,,"16,5","420007,5"
2408060,Thương hiệu,Gucci,Kích thước,1.6 oz/ 50 mL eau de toilette spray,,,có,,11,280005
2408177,Thương hiệu,Ellis Brooklyn,Kích thước,1.7 oz/ 50 mL Eau de Parfum Spray,,,có,,11,280005
2408250,Thương hiệu,Dolce&Gabbana,Kích thước,0.33 oz/ 10 mL,,,có,,"3,3","84001,5"
2408458,Thương hiệu,Valentino,Kích thước,3.4 oz/ 100 mL,,,có,,"16,5","420007,5"
2411429,Thương hiệu,NEST New York,Kích thước,1 oz/ 30 mL,,,có,,"10,2",259641
2411437,Thương hiệu,NEST New York,Kích thước,0.20 oz / 6 ml,,,có,,"3,5","89092,5"
2427482,Thương hiệu,Versace,Kích thước,3.4 oz/ 100 mL,,,có,,"11,5","292732,5"
2444628,Thương hiệu,Maison Louis Marie,Kích thước,0.1 oz/ 3 mL,,,có,,"1,3","33091,5"
2444628,Thương hiệu,Maison Louis Marie,Kích thước,0.1 oz/ 3 mL,,,có,,"1,3","33091,5"
2461812,Thương hiệu,Sol de Janeiro,Kích thước,3 oz/ 90 mL,,,có,,"2,5","63637,5"
2465433,Thương hiệu,Maison Margiela,Kích thước,3.4 oz/ 100 mL,,,có,,"16,5","420007,5"
2466472,Thương hiệu,TOM FORD,Kích thước,3.4 oz/ 100 mL,,,có,,30,763650
2467157,Thương hiệu,Mugler,Kích thước,3 oz/ 89 mL eau de parfum spray,,,có,,"18,5","470917,5"
2468098,Thương hiệu,Carolina Herrera,Kích thước,2.7 oz/ 80 mL,,,có,,"16,5","420007,5"
2468353,Thương hiệu,SKYLAR,Kích thước,0.33 oz/ 10 mL,,,có,,3,76365
2470714,Thương hiệu,Gucci,Kích thước,3.3 oz / 100 ml eau de parfum spray,,,có,,"16,8",427644
2471514,Thương hiệu,Maison Margiela,Kích thước,3.4 oz/ 100 mL,,,có,,"16,5","420007,5"
2474021,Thương hiệu,TOM FORD,Kích thước,1.7 oz/ 50 mL,,,có,,30,763650
2474237,Thương hiệu,KILIAN Paris,Kích thước,1.7 oz/ 50 mL Eau de Parfum Spray,,,có,,"27,5","700012,5"
2480564,Thương hiệu,Viktor&Rolf,Kích thước,3.4 oz eau de parfum spray,,,có,,18,458190
2483121,Thương hiệu,Moroccanoil,Kích thước,1 oz/ 30 mL,,,có,,"1,8",45819
2483139,Thương hiệu,Moroccanoil,Kích thước,3.4 oz/ 100 mL,,,có,,"3,2",81456
2493930,Thương hiệu,KAYALI,Kích thước,0.33 oz/ 10 mL eau de parfum spray,,,có,,"3,2",81456
2493955,Thương hiệu,KAYALI,Kích thước,3.4 oz/ 100 mL eau de parfum spray,,,có,,"13,8",351279
2531812,Thương hiệu,DIOR,Kích thước,0.7 oz/ 20 mL,,,có,,"5,6",142548
2541399,Thương hiệu,Valentino,Kích thước,3.4 oz/100 mL,,,có,,"16,5","420007,5"
2541530,Thương hiệu,Gucci,Kích thước,1.7 oz/ 50 mL,,,có,,"6,6",168003
2543627,Thương hiệu,Valentino,Kích thước,.33 oz / 10 mL,,,có,,"3,5","89092,5"
2543635,Thương hiệu,Valentino,Kích thước,0.33 oz/ 10 mL,,,có,,"3,5","89092,5"
2544484,Thương hiệu,BURBERRY,Kích thước,3.3 oz/ 100 mL eau de toilette spray,,,có,,"14,2",361461
2546125,Thương hiệu,Yves Saint Laurent,Kích thước,1.7 oz / 50 mL,,,có,,10,254550
2549236,Thương hiệu,Ellis Brooklyn,Kích thước,1.7 oz/ 50 mL Eau de Parfum Spray,,,có,,"6,6",168003
2552511,Thương hiệu,Ellis Brooklyn,Kích thước,1.7 oz/ 50 mL eau de parfum spray,,,có,,11,280005
2553188,Thương hiệu,DIOR,Kích thước,3.4 oz / 100 mL,,,có,,"17,2",437826
2553311,Thương hiệu,Viktor&Rolf,Kích thước,1.7 oz / 50 mL eau de parfum spray,,,có,,"7,25","184548,75"
2558807,Thương hiệu,World of Chris Collins,Kích thước,1.7 oz/ 50 mL,,,có,,"17,5","445462,5"
2562718,Thương hiệu,HERETIC,Kích thước,1.7 oz/ 50 mL eau de parfum,,,có,,"8,25","210003,75"
2568350,Thương hiệu,PHLUR,Kích thước,1.7 oz/ 50 mL,,,có,,"9,9","252004,5"
2569747,Thương hiệu,Sol de Janeiro,Kích thước,3.04 oz / 90 mL,,,có,,"2,5","63637,5"
2576072,Thương hiệu,KILIAN Paris,Kích thước,1.70 oz / 50 mL eau de parfum spray,,,có,,15,381825
2577443,Thương hiệu,Sol de Janeiro,Kích thước,8.01 oz / 240 mL,,,có,,"3,8",96729
2577443,Thương hiệu,Sol de Janeiro,Kích thước,8.01 oz / 240 mL,,,có,,"3,8",96729
2586253,Thương hiệu,Lancôme,Kích thước,0.33 oz / 10 mL,,,có,,"3,5","89092,5"
2590503,Thương hiệu,Maison Margiela,Kích thước,3.4 oz / 100 mL eau de toilette spray,,,có,,"16,5","420007,5"
2591170,Thương hiệu,Prada,Kích thước,3 oz / 90 mL,,,có,,"16,5","420007,5"
2591196,Thương hiệu,Prada,Kích thước,0.33 oz / 10 mL eau de parfum spray,,,có,,"3,5","89092,5"
2594158,Thương hiệu,TOM FORD,Kích thước,1 oz / 30 mL eau de parfum spray,,,có,,"19,5","496372,5"
2599900,Thương hiệu,KAYALI,Kích thước,.34 oz / 10 mL eau de parfum spray,,,có,,"2,9","73819,5"
2599900,Thương hiệu,KAYALI,Kích thước,.34 oz / 10 mL eau de parfum spray,,,có,,"2,9","73819,5"
2599967,Thương hiệu,KAYALI,Kích thước,1.7 oz / 50 mL,,,có,,10,254550
2600534,Thương hiệu,KILIAN Paris,Kích thước,0.33 oz / 10 mL eau de parfum spray,,,có,,"3,7","94183,5"
2600542,Thương hiệu,KILIAN Paris,Kích thước,1.7 oz / 50 mL eau de parfum spray,,,có,,"29,5","750922,5"
2603231,Thương hiệu,Gucci,Kích thước,3.3 oz / 100 mL eau de parfum spray,,,có,,"16,8",427644
2603280,Thương hiệu,Marc Jacobs Fragrances,Kích thước,2.5 oz / 75 mL,,,có,,"13,9","353824,5"
2603322,Thương hiệu,BURBERRY,Kích thước,0.33 oz / 10 mL parfum spray,,,có,,"3,9","99274,5"
2608735,Thương hiệu,BURBERRY,Kích thước,3.4 oz / 100 mL parfum spray,,,có,,18,458190
260885,Thương hiệu,DIOR,Kích thước,1.7 oz/ 50 mL,,,có,,"11,3","287641,5"
2611465,Thương hiệu,KAYALI,Kích thước,3.4 oz / 100 mL eau de parfum spray,,,có,,"13,8",351279
2616084,Thương hiệu,Commodity,Kích thước,3.4 oz / 100 mL eau de parfum spray,,,có,,15,381825
2619294,Thương hiệu,Sol de Janeiro,Kích thước,0.27 oz / 8 mL Eau De Parfum Spray,,,có,,"2,6",66183
2628873,Thương hiệu,CLEAN RESERVE,Kích thước,0.33 oz / 10 mL eau de parfum spray,,,có,,"1,6",40728
2628873,Thương hiệu,CLEAN RESERVE,Kích thước,0.33 oz / 10 mL eau de parfum spray,,,có,,"1,6",40728
2634657,Thương hiệu,KAYALI,Kích thước,0.33 oz / 10 mL eau de parfum spray,,,có,,"2,9","73819,5"
2634673,Thương hiệu,KAYALI,Kích thước,3.4 oz / 100 mL eau de parfum spray,,,có,,"13,8",351279
2636108,Thương hiệu,CLEAN RESERVE,Kích thước,3.4 oz eau de parfum spray,,,có,,"7,7","196003,5"
2636116,Thương hiệu,CLEAN RESERVE,Kích thước,0.34 oz eau de parfum rollerball,,,có,,"2,24","57019,2"
2639615,Thương hiệu,Yves Saint Laurent,Kích thước,1.0 oz / 30 ml eau de parfum,,,có,,"11,5","292732,5"
2639789,Thương hiệu,Valentino,Kích thước,1 oz / 30 mL eau de parfum spray,,,có,,"9,5","241822,5"
2639797,Thương hiệu,Valentino,Kích thước,0.34 oz / 10 mL eau de parfum spray,,,có,,"3,5","89092,5"
2640092,Thương hiệu,TOM FORD,Kích thước,1.7 oz / 50 mL,,,có,,"40,5","1030927,5"
2640118,Thương hiệu,TOM FORD,Kích thước,1.7 oz / 50 mL,,,có,,"40,5","1030927,5"
2644417,Thương hiệu,Gucci,Kích thước,0.33 oz / 10 ml eau de parfum spray,,,có,,"2,34","59564,7"
2644417,Thương hiệu,Gucci,Kích thước,0.33 oz / 10 ml eau de parfum spray,,,có,,"2,34","59564,7"
2644458,Thương hiệu,Gucci,Kích thước,0.33 oz / 10 ml eau de parfum spray,,,có,,"3,9","99274,5"
2644474,Thương hiệu,Gucci,Kích thước,0.33 oz / 10 mL,,,có,,"2,34","59564,7"
2644474,Thương hiệu,Gucci,Kích thước,0.33 oz / 10 mL,,,có,,"2,34","59564,7"
2644482,Thương hiệu,Gucci,Kích thước,0.33 oz,,,có,,"2,34","59564,7"
2644532,Thương hiệu,DIOR,Kích thước,3.4 oz / 100 mL eau de toilette spray,,,có,,"14,5","369097,5"
2647782,Thương hiệu,PHLUR,Kích thước,1.7 oz / 50 mL,,,có,,"9,9","252004,5"
2648632,Thương hiệu,By Rosie Jane,Kích thước,1.7 oz eau de parfum spray,,,có,,8,203640
2648665,Thương hiệu,Maison Louis Marie,Kích thước,1.7 oz / 50 mL eau de parfum spray,,,có,,"9,3","236731,5"
2648681,Thương hiệu,Maison Louis Marie,Kích thước,0.50 oz / 15 mL perfume oil,,,có,,"5,2",132366
2648699,Thương hiệu,Maison Louis Marie,Kích thước,0.1 oz / 3 mL perfume oil,,,có,,"1,3","33091,5"
2652071,Thương hiệu,Sol de Janeiro,Kích thước,8.1 oz / 240 mL,,,có,,"3,8",96729
2653327,Thương hiệu,Carolina Herrera,Kích thước,0.34 oz / 10 mL eau de parfum spray,,,có,,"3,9","99274,5"
2653327,Thương hiệu,Carolina Herrera,Kích thước,0.34 oz / 10 mL eau de parfum spray,,,có,,"3,9","99274,5"
2657567,Thương hiệu,Versace,Kích thước,3.4 oz / 100 mL eau de parfum spray,,,có,,13,330915
2659357,Thương hiệu,Nette,Kích thước,.33 / 10 mL eau de parfum spray,,,có,,3,76365
2660041,Thương hiệu,Floral Street,Kích thước,0.33 oz / 10 mL eau de parfum spray,,,có,,"2,38","60582,9"
2672095,Thương hiệu,Jo Malone London,Kích thước,1.7 oz / 50 ml cologne spray,,,có,,16,407280
2672152,Thương hiệu,Jo Malone London,Kích thước,3.4 oz / 100 ml cologne spray,,,có,,"22,8",580374
2674463,Thương hiệu,5 SENS,Kích thước,1 oz / 30 mL eau de parfum spray,,,có,,"6,5","165457,5"
2674919,Thương hiệu,Dolce&Gabbana,Kích thước,1 oz eau de toilette Spray,,,có,,"7,5","190912,5"
2674943,Thương hiệu,Dolce&Gabbana,Kích thước,3.4 oz / 100 mL eau de toilette spray,,,có,,"9,8",249459
2675841,Thương hiệu,Mugler,Kích thước,3.4 oz / 100 mL eau de parfum spray,,,có,,"18,5","470917,5"
2676443,Thương hiệu,DedCool,Kích thước,0.5 oz / 15 ml eau de parfum spray,,,có,,3,76365
2676443,Thương hiệu,DedCool,Kích thước,0.5 oz / 15 ml eau de parfum spray,,,có,,3,76365
2678100,Thương hiệu,Jo Malone London,Kích thước,3.4oz / 100ml cologne spray,,,có,,"16,5","420007,5"
2685030,Thương hiệu,DedCool,Kích thước,1.7 oz,,,có,,9,229095
2685840,Thương hiệu,Henry Rose,Kích thước,1.7 oz / 50 mL eau de parfum spray,,,có,,12,305460
2686616,Thương hiệu,Jo Malone London,Kích thước,3.4 oz / 100 ml spray,,,có,,"16,5","420007,5"
2689602,Thương hiệu,Gucci,Kích thước,3.4 oz / 100 ml eau de parfum,,,có,,"16,8",427644
2689610,Thương hiệu,BURBERRY,Kích thước,0.34 oz / 10 ml eau de parfum spray,,,có,,"3,9","99274,5"
2690345,Thương hiệu,Prada,Kích thước,1.7 oz / 50 mL eau de parfum spray,,,có,,"14,5","369097,5"
2692242,Thương hiệu,KILIAN Paris,Kích thước,1.7 oz / 50 mL eau de parfum spray,,,có,,"29,5","750922,5"
2692911,Thương hiệu,KAYALI,Kích thước,3.4 oz eau de parfum spray,,,có,,"13,8",351279
2692929,Thương hiệu,KAYALI,Kích thước,0.33 oz eau de parfum spray,,,có,,"3,2",81456
2693349,Thương hiệu,PHLUR,Kích thước,3 oz eau de parfum spray,,,có,,"2,4",61092
2693356,Thương hiệu,PHLUR,Kích thước,eau de parfum spray,,,có,,"3,8",96729
2693364,Thương hiệu,PHLUR,Kích thước,3 oz eau de parfum spray,,,có,,"2,4",61092
2693380,Thương hiệu,PHLUR,Kích thước,3 oz eau de parfum spray,,,có,,"2,4",61092
2693612,Thương hiệu,JIMMY CHOO,Kích thước,0.33 oz / 10 ml eau de parfum spray,,,có,,"3,3","84001,5"
2694941,Thương hiệu,Maison Margiela,Kích thước,3.4 oz eau de toilette spray,,,có,,"16,5","420007,5"
2695062,Thương hiệu,Chloé,Kích thước,3.3 oz eau de parfum spray,,,có,,"16,8",427644
2695302,Thương hiệu,BURBERRY,Kích thước,5 oz / 147.9 ml Refill eau de parfum spray,,,có,,"16,8",427644
2697720,Thương hiệu,TOM FORD,Kích thước,1 oz / 30 ml eau de parfum spray,,,có,,12,305460
2698181,Thương hiệu,CHANEL,Kích thước,1.7 oz / 50 mL eau de parfum spray,,,có,,"13,8",351279
2699239,Thương hiệu,Marc Jacobs Fragrances,Kích thước,3.3 oz / 100 mL eau de parfum,,,có,,16,407280
2703437,Thương hiệu,Yves Saint Laurent,Kích thước,3 oz / 90 mL eau de parfum spray,,,có,,"19,5","496372,5"
2704013,Thương hiệu,DIOR,Kích thước,1.7 oz / 50 mL eau de parfum spray,,,có,,"17,7","450553,5"
2704062,Thương hiệu,JIMMY CHOO,Kích thước,3.4 oz / 100 ml eau de parfum spray,,,có,,"13,6",346188
2704062,Thương hiệu,JIMMY CHOO,Kích thước,3.4 oz / 100 ml eau de parfum spray,,,có,,"13,6",346188
2704096,Thương hiệu,JIMMY CHOO,Kích thước,0.33 oz / 10 ml eau de parfum spray,,,có,,"3,3","84001,5"
2704096,Thương hiệu,JIMMY CHOO,Kích thước,0.33 oz / 10 ml eau de parfum spray,,,có,,"3,3","84001,5"
2705309,Thương hiệu,KAYALI,Kích thước,0.33 oz / 10 ml eau de parfum spray,,,có,,"3,2",81456
2705325,Thương hiệu,KAYALI,Kích thước,0.33 oz / 10 ml eau de parfum spray,,,có,,"3,2",81456
2705333,Thương hiệu,KAYALI,Kích thước,1.7 oz / 50 ml eau de parfum spray,,,có,,10,254550
2718690,Thương hiệu,FORVR Mood,Kích thước,1.7 oz eau de parfum spray,,,có,,"7,9","201094,5"
2718708,Thương hiệu,FORVR Mood,Kích thước,1.7 oz eau de parfum spray,,,có,,"7,9","201094,5"
2718716,Thương hiệu,FORVR Mood,Kích thước,1.7 oz eau de parfum spray,,,có,,"7,9","201094,5"
2718724,Thương hiệu,FORVR Mood,Kích thước,1.7 oz eau de parfum spray,,,có,,"7,9","201094,5"
2718732,Thương hiệu,FORVR Mood,Kích thước,0.34 oz eau de parfum spray,,,có,,"2,8",71274
2725927,Thương hiệu,Maison Margiela,Kích thước,3.4 oz eau de toilette spray,,,có,,"16,5","420007,5"
2728822,Thương hiệu,Dolce&Gabbana,Kích thước,1 oz eau de parfum spray,,,có,,"9,3","236731,5"
2729713,Thương hiệu,TOM FORD,Kích thước,1.7 oz eau de parfum,,,có,,"40,5","1030927,5"
2729879,Thương hiệu,Viktor&Rolf,Kích thước,0.34 oz eau de parfum spray,,,có,,"3,8",96729
2732691,Thương hiệu,Yves Saint Laurent,Kích thước,0.33 oz eau de parfum,,,có,,"3,5","89092,5"
2734044,Thương hiệu,Rare Beauty by Selena Gomez,Kích thước,3.3 oz / 100 mL,,,có,,"2,8",71274
2734085,Thương hiệu,Sol de Janeiro,Kích thước,3.04 oz,,,có,,"2,5","63637,5"
2734093,Thương hiệu,Sol de Janeiro,Kích thước,8.1 oz,,,có,,"3,8",96729
2736189,Thương hiệu,Nette,Kích thước,1.7 oz / 50 mL eau de parfum spray,,,có,,12,305460
2736494,Thương hiệu,Valentino,Kích thước,1 oz eau de parfum spray,,,có,,"9,2",234186
2736502,Thương hiệu,Valentino,Kích thước,0.33 oz eau de parfum spray,,,có,,"3,5","89092,5"
2737690,Thương hiệu,Glossier,Kích thước,3.4 OZ / 100 ML EAU DE PARFUM SPRAY,,,có,,"11,2",285096
2740959,Thương hiệu,Jo Malone London,Kích thước,3.3 oz / 100 mL spray,,,có,,"16,5","420007,5"
2741668,Thương hiệu,5 SENS,Kích thước,1 oz / 30 ml eau de parfum spray,,,có,,"6,5","165457,5"
2747194,Thương hiệu,DIOR,Kích thước,1.2 oz parfum spray,,,có,,"11,5","292732,5"
2747384,Thương hiệu,Carolina Herrera,Kích thước,1.7 oz / 50 mL elixir spray,,,có,,14,356370
2747442,Thương hiệu,Ellis Brooklyn,Kích thước,1.7 oz / 50 ml eau de toilette spray,,,có,,"3,5","89092,5"
2748523,Thương hiệu,TOM FORD,Kích thước,1.7 oz / 50 mL perfume spray,,,có,,"40,5","1030927,5"
2748929,Thương hiệu,Carolina Herrera,Kích thước,3.4 oz/ 100 ml spray,,,có,,"4,5","114547,5"
2751865,Thương hiệu,Mugler,Kích thước,0.34 oz / 10 mL eau de parfum spray,,,có,,"3,5","89092,5"
2752665,Thương hiệu,KAYALI,Kích thước,0.34 oz / 10 ml eau de parfum spray,,,có,,"2,9","73819,5"
2752665,Thương hiệu,KAYALI,Kích thước,0.34 oz / 10 ml eau de parfum spray,,,có,,"2,9","73819,5"
2753879,Thương hiệu,Armani Beauty,Kích thước,3.4 oz eau de parfum spray,,,có,,"12,5","318187,5"
2758928,Thương hiệu,Jo Malone London,Kích thước,0.34 oz / 10 mL cologne spray,,,có,,"3,2",81456
2758928,Thương hiệu,Jo Malone London,Kích thước,0.34 oz / 10 mL cologne spray,,,có,,"3,2",81456
2759918,Thương hiệu,Dolce&Gabbana,Kích thước,1.6 oz,,,có,,"7,9","201094,5"
2760148,Thương hiệu,Salt & Stone,Kích thước,3.4 oz / 100 mL,,,có,,"4,5","114547,5"
2761609,Thương hiệu,Ellis Brooklyn,Kích thước,1.7 oz / 50 ml eau de parfum spray,,,có,,11,280005
2761815,Thương hiệu,Charlotte Tilbury,Kích thước,0.34 oz eau de parfum spray,,,có,,"2,5","63637,5"
2761831,Thương hiệu,Charlotte Tilbury,Kích thước,0.34 oz eau de parfum spray,,,có,,"2,5","63637,5"
2761856,Thương hiệu,Charlotte Tilbury,Kích thước,3.4 oz eau de parfum spray,,,có,,15,381825
2761864,Thương hiệu,Charlotte Tilbury,Kích thước,3.4 oz eau de parfum spray,,,có,,15,381825
2761872,Thương hiệu,Charlotte Tilbury,Kích thước,0.34 oz eau de parfum spray,,,có,,"2,5","63637,5"
2761880,Thương hiệu,Charlotte Tilbury,Kích thước,3.4 oz eau de parfum spray,,,có,,15,381825
2761898,Thương hiệu,Charlotte Tilbury,Kích thước,0.34 oz eau de parfum spray,,,có,,"2,5","63637,5"
2761906,Thương hiệu,Charlotte Tilbury,Kích thước,0.34 oz eau de parfum spray,,,có,,"2,5","63637,5"
2761906,Thương hiệu,Charlotte Tilbury,Kích thước,0.34 oz eau de parfum spray,,,có,,"2,5","63637,5"
2761922,Thương hiệu,Charlotte Tilbury,Kích thước,0.34 oz eau de parfum spray,,,có,,"2,5","63637,5"
2761930,Thương hiệu,Charlotte Tilbury,Kích thước,3.4 oz eau de parfum spray,,,có,,15,381825
2762433,Thương hiệu,PHLUR,Kích thước,3 oz,,,có,,"2,4",61092
2762458,Thương hiệu,PHLUR,Kích thước,3 oz,,,có,,"2,4",61092
2764173,Thương hiệu,KILIAN Paris,Kích thước,1.7 oz / 50 ml eau de parfum spray,,,có,,"29,5","750922,5"
2765303,Thương hiệu,PHLUR,Kích thước,0.32 oz / 9.5 ml eau de parfum spray,,,có,,"2,9","73819,5"
2765311,Thương hiệu,PHLUR,Kích thước,1.7 oz / 50 ml eau de parfum spray,,,có,,"9,9","252004,5"
2766517,Thương hiệu,Maison Louis Marie,Kích thước,0.5 oz eau de parfum oil,,,có,,"5,2",132366
2766525,Thương hiệu,Maison Louis Marie,Kích thước,1.7 oz / 50 mL eau de parfum spray,,,có,,"9,3","236731,5"
2766533,Thương hiệu,Maison Louis Marie,Kích thước,0.1 oz eau de parfum oil,,,có,,"1,3","33091,5"
2769370,Thương hiệu,NEST New York,Kích thước,4.2 oz spray,,,có,,"3,9","99274,5"
2770485,Thương hiệu,OUAI,Kích thước,3.3 oz,,,có,,"2,8",71274
2771533,Thương hiệu,Glossier,Kích thước,0.27 oz/ 8 mL eau de parfum spray,,,có,,"3,2",81456
2771715,Thương hiệu,BROWN GIRL Jane,Kích thước,1.7 oz / 50 ml eau de parfum spray,,,có,,"10,2",259641
2771772,Thương hiệu,BROWN GIRL Jane,Kích thước,1.7 oz eau de parfum spray,,,có,,"10,2",259641
2771780,Thương hiệu,BROWN GIRL Jane,Kích thước,0.34 oz eau de parfum spray,,,có,,3,76365
2774768,Thương hiệu,Sol de Janeiro,Kích thước,3.04 oz,,,có,,"2,5","63637,5"
2774776,Thương hiệu,Sol de Janeiro,Kích thước,3.04 oz,,,có,,"2,5","63637,5"
2774792,Thương hiệu,Sol de Janeiro,Kích thước,3.04 oz,,,có,,"2,5","63637,5"
2778371,Thương hiệu,Dolce&Gabbana,Kích thước,2.5 oz / 75 mL eau de toilette spray,,,có,,"12,6",320733
2778603,Thương hiệu,Jean Paul Gaultier,Kích thước,0.5 oz / 15 mL eau de parfum spray,,,có,,"3,7","94183,5"
2787604,Thương hiệu,BURBERRY,Kích thước,3.3 oz / 100 ml eau de parfum,,,có,,"17,3","440371,5"
2788149,Thương hiệu,Gucci,Kích thước,3.3 oz / 100 ml eau de parfum spray,,,có,,"16,8",427644
2788164,Thương hiệu,Gucci,Kích thước,0.33 oz / 10 ml eau de parfum spray,,,có,,"3,9","99274,5"
2788727,Thương hiệu,DedCool,Kích thước,32 oz/ 947 ml,,,có,,"3,5","89092,5"
2788735,Thương hiệu,DedCool,Kích thước,2 oz/ 60 mL,,,có,,"1,4",35637
2788743,Thương hiệu,DedCool,Kích thước,2 oz/ 60 mL,,,có,,"1,4",35637
2790095,Thương hiệu,KAYALI,Kích thước,0.33 oz / 10 ml eau de parfum spray,,,có,,"3,2",81456
2790103,Thương hiệu,KAYALI,Kích thước,0.33 oz / 10 ml eau de parfum spray,,,có,,"3,2",81456
2790111,Thương hiệu,KAYALI,Kích thước,0.33 oz / 10 ml eau de parfum spray,,,có,,"3,2",81456
2791382,Thương hiệu,CHANEL,Kích thước,3.4 oz / 100ml eau de toilette spray,,,có,,"17,2",437826
2791432,Thương hiệu,PHLUR,Kích thước,8 oz spray,,,có,,"3,8",96729
2791457,Thương hiệu,PHLUR,Kích thước,8 oz spray,,,có,,"3,8",96729
2791598,Thương hiệu,DIOR,Kích thước,0.7 oz / 20 ml eau de parfum rollerball,,,có,,"6,2",157821
2791606,Thương hiệu,The 7 Virtues,Kích thước,1.7 oz / 50ml eau de parfum spray,,,có,,"9,4",239277
2791614,Thương hiệu,The 7 Virtues,Kích thước,0.34 oz / 10ml eau de parfum spray,,,có,,"3,2",81456
2791663,Thương hiệu,Ellis Brooklyn,Kích thước,1.7 oz / 50 ml spray,,,có,,"3,5","89092,5"
2794527,Thương hiệu,JIMMY CHOO,Kích thước,0.34 oz / 10 ml parfum spray,,,có,,"3,8",96729
2796514,Thương hiệu,Sol de Janeiro,Kích thước,3 oz / 90 ml,,,có,,"2,5","63637,5"
2796597,Thương hiệu,Sol de Janeiro,Kích thước,8.1 oz / 240 ml,,,có,,"3,8",96729
2799153,Thương hiệu,Ellis Brooklyn,Kích thước,3.4 oz / 100 ml spray,,,có,,"4,8",122184
2799286,Thương hiệu,Prada,Kích thước,3 oz / 90 ml eau de parfum spray,,,có,,"16,5","420007,5"
2799310,Thương hiệu,Maison Margiela,Kích thước,3.4 oz / 100 ml eau de toilette spray,,,có,,"16,5","420007,5"
2799898,Thương hiệu,Yves Saint Laurent,Kích thước,3 oz/ 90 ml eau de parfum spray,,,có,,"16,5","420007,5"
2800050,Thương hiệu,Marc Jacobs Fragrances,Kích thước,3.3 oz / 100 ml eau de parfum spray,,,có,,"16,5","420007,5"
2800142,Thương hiệu,HERMÈS,Kích thước,0.5 oz / 15 ml parfum spray,,,có,,"4,5","114547,5"
2800142,Thương hiệu,HERMÈS,Kích thước,0.5 oz / 15 ml parfum spray,,,có,,"4,5","114547,5"
2800209,Thương hiệu,NEST New York,Kích thước,0.27 oz eau de parfum spray,,,có,,"3,2",81456
2800217,Thương hiệu,NEST New York,Kích thước,1.7 oz eau de parfum spray,,,có,,"9,2",234186
2800415,Thương hiệu,Dolce&Gabbana,Kích thước,3.3 oz / 100 ml eau de parfum spray,,,có,,"17,5","445462,5"
2801561,Thương hiệu,Yves Saint Laurent,Kích thước,0.33 oz / 10 ml eau de parfum spray,,,có,,"3,5","89092,5"
2804516,Thương hiệu,Rabanne,Kích thước,3 oz / 90 ml eau de parfum spray,,,có,,"16,5","420007,5"
2804722,Thương hiệu,LoveShackFancy,Kích thước,,,,có,,"2,6",66183
2804730,Thương hiệu,LoveShackFancy,Kích thước,3 oz / 90 mL,,,có,,"2,6",66183
2804748,Thương hiệu,LoveShackFancy,Kích thước,3 oz / 90 mL,,,có,,"2,6",66183
2804763,Thương hiệu,LoveShackFancy,Kích thước,8 oz / 240 ml Body Spray,,,có,,"4,2",106911
2804771,Thương hiệu,LoveShackFancy,Kích thước,8 oz / 240 ml Body Spray,,,có,,"4,2",106911
2804821,Thương hiệu,KAYALI,Kích thước,3.4 fl oz / 100 mL eau de parfum spray,,,có,,"13,8",351279
2806172,Thương hiệu,Carolina Herrera,Kích thước,0.24 oz / 7 mL elixir spray,,,có,,2,50910
2806743,Thương hiệu,Gisou,Kích thước,1.7 oz / 50 ml,,,có,,"4,4",112002
2807139,Thương hiệu,MERIT,Kích thước,1 oz / 30 mL parfum spray,,,có,,"9,2",234186
2808590,Thương hiệu,Jean Paul Gaultier,Kích thước,1.7 oz / 50 ml parfum spray,,,có,,"14,3","364006,5"
2809374,Thương hiệu,Ariana Grande,Kích thước,0.33 oz/ 10 ml eau de parfum spray,,,có,,"2,8",71274
2809382,Thương hiệu,Ariana Grande,Kích thước,0.33 oz/ 10 ml eau de parfum spray,,,có,,"2,8",71274
2809382,Thương hiệu,Ariana Grande,Kích thước,0.33 oz/ 10 ml eau de parfum spray,,,có,,"2,8",71274
2809457,Thương hiệu,Ariana Grande,Kích thước,3.4 oz/ 100 ml eau de parfum spray,,,có,,7,178185
2809465,Thương hiệu,Ariana Grande,Kích thước,3.4 oz/ 100 ml eau de parfum spray,,,có,,7,178185
2809499,Thương hiệu,Ariana Grande,Kích thước,3.4 oz/ 100 ml eau de parfum spray,,,có,,7,178185
2809788,Thương hiệu,Ariana Grande,Kích thước,4.2 oz / 125 ml eau de parfum,,,có,,8,203640
2818623,Thương hiệu,Gisou,Kích thước,1.7oz / 50 ml,,,có,,"4,4",112002
2818912,Thương hiệu,Prada,Kích thước,3.4 oz / 100 ml eau de parfum spray,,,có,,18,458190
2819043,Thương hiệu,CLEAN RESERVE,Kích thước,0.34 oz / 10 mL eau de parfum spray,,,có,,"3,2",81456
2819050,Thương hiệu,CLEAN RESERVE,Kích thước,3.4 oz / 100 mL eau de parfum spray,,,có,,11,280005
2819274,Thương hiệu,Glossier,Kích thước,1.7 oz / 50 ml eau de parfum spray,,,có,,"7,8",198549
2819282,Thương hiệu,Glossier,Kích thước,1.7 oz / 50 ml eau de parfum spray,,,có,,"7,8",198549
2821726,Thương hiệu,Dolce&Gabbana,Kích thước,0.33 oz / 10 mL eau de toilette spray,,,có,,"3,1","78910,5"
2822005,Thương hiệu,Montale,Kích thước,3.4 oz / 100 ml eau de parfum spray,,,có,,18,458190
2822039,Thương hiệu,Montale,Kích thước,3.4 oz / 100 ml eau de parfum spray,,,có,,18,458190
2822500,Thương hiệu,Dolce&Gabbana,Kích thước,3.3 oz / 100 ml eau de parfum spray,,,có,,"14,8",376734
2822559,Thương hiệu,PHLUR,Kích thước,0.32 oz / 9.5 mL eau de parfum spray,,,có,,"2,9","73819,5"
2824027,Thương hiệu,DedCool,Kích thước,1.7 oz / 50 ml eau de parfum spray,,,có,,9,229095
2827509,Thương hiệu,By Rosie Jane,Kích thước,0.30 oz / 10 ml eau de parfum spray,,,có,,"2,9","73819,5"
2827517,Thương hiệu,By Rosie Jane,Kích thước,0.30 oz / 10 ml eau de parfum spray,,,có,,"2,9","73819,5"
2827541,Thương hiệu,By Rosie Jane,Kích thước,0.33 oz / 10 ml eau de parfum spray,,,có,,"2,9","73819,5"
2827558,Thương hiệu,By Rosie Jane,Kích thước,0.33 oz / 10 ml eau de parfum spray,,,có,,"2,9","73819,5"
2827566,Thương hiệu,By Rosie Jane,Kích thước,0.33 oz / 10 ml eau de parfum spray,,,có,,"2,9","73819,5"
2831089,Thương hiệu,Jo Malone London,Kích thước,0.33 oz / 10 ml spray,,,có,,"3,2",81456
2832962,Thương hiệu,The Maker,Kích thước,1.7 oz / 50 ml eau de parfum spray,,,có,,"17,5","445462,5"
2832970,Thương hiệu,The Maker,Kích thước,0.33 oz / 10 ml eau de parfum spray,,,có,,"4,2",106911
2834414,Thương hiệu,Carolina Herrera,Kích thước,0.30 oz / 10 ml eau de parfum spray,,,có,,"3,4",86547
388512,Thương hiệu,CHANEL,Kích thước,1.7 oz,,,có,,"13,8",351279
420588,Thương hiệu,DIOR,Kích thước,3.4 oz/ 100 mL,,,có,,"17,2",437826
513176,Thương hiệu,CHANEL,Kích thước,3.4 oz/ 100 mL,,,có,,"17,2",437826
812388,Thương hiệu,Ralph Lauren,Kích thước,1 oz,,,có,,"6,8",173094
831248,Thương hiệu,HERMÈS,Kích thước,1.6 oz/ 47 mL,,,có,,"11,6",295278
934844,Thương hiệu,HERMÈS,Kích thước,1.6 oz Elixir des Merveilles Eau de Parfum Spray,,,có,,"13,9","353824,5"
981530,Thương hiệu,Dolce&Gabbana,Kích thước,2.5 oz/ 75 mL,,,có,,"14,6",371643
2249688,Thương hiệu,Valentino,Kích thước,1.7 oz/ 50 mL eau de parfum spray,,,có,,"13,5","343642,5"
2371896,Thương hiệu,Yves Saint Laurent,Kích thước,3oz/ 90 mL,,,có,,17,432735
2649770,Thương hiệu,Glossier,Kích thước,1.7 oz / 50 mL eau de parfum spray,,,có,,"7,8",198549
1649607,Thương hiệu,Versace,Kích thước,0.3 oz/ 10 mL,,,có,,"3,2",81456
1985118,Thương hiệu,Sol de Janeiro,Kích thước,3.04 oz/ 90 mL,,Thuộc tính mặc định,có,,"2,5","63637,5"
2205417,Thương hiệu,Sol de Janeiro,,,,,có,,"3,2",81456
2619294,Thương hiệu,Sol de Janeiro,Kích thước,0.27 oz / 8 mL Eau De Parfum Spray,,,có,,"2,6",66183
2652089,Thương hiệu,Sol de Janeiro,Kích thước,3.04 oz / 90 mL,,,có,,"2,5","63637,5"
2678001,Thương hiệu,Jo Malone London,Kích thước,3.4 oz / 100 mL cologne spray,,,có,,"16,5","420007,5"
2678035,Thương hiệu,Jo Malone London,Kích thước,1 oz / 30ml cologne spray,,,có,,"8,6",218913
2692846,Thương hiệu,KAYALI,Kích thước,0.34 oz eau de parfum spray,,,có,,"3,8",96729
2693851,Thương hiệu,NEST New York,,,,,có,,"4,6",117093
2697035,Thương hiệu,KAYALI,Kích thước,1.7 oz eau de parfum spray,,,có,,14,356370
2697050,Thương hiệu,KAYALI,Kích thước,0.34 oz eau de parfum spray,,,có,,"3,8",96729
2734051,Thương hiệu,Rare Beauty by Selena Gomez,Kích thước,0.16 oz / 5 mL,,,có,,2,50910
2734069,Thương hiệu,Sol de Janeiro,Kích thước,2.5 oz / 75 mL,,,có,,"2,4",61092
2742112,Thương hiệu,Sol de Janeiro,,,,,có,,"3,2",81456
2748812,Thương hiệu,Sephora Favorites,,,,,có,,3,76365
2778397,Thương hiệu,Dolce&Gabbana,Kích thước,3.4 oz / 100 mL eau de parfum spray,,,có,,"16,2",412371
2791440,Thương hiệu,PHLUR,Kích thước,3 oz spray,,,có,,"2,4",61092
2791465,Thương hiệu,PHLUR,Kích thước,3 oz spray,,,có,,"2,4",61092
2791648,Thương hiệu,World of Chris Collins,,,,,có,,"2,5","63637,5"
2798973,Thương hiệu,TOM FORD,Kích thước,3.4 oz / 100 mL eau de toilette spray,,,có,,20,509100
2798981,Thương hiệu,TOM FORD,Kích thước,0.34 oz / 10 mL eau de toilette spray,,,có,,"4,5","114547,5"
2799013,Thương hiệu,TOM FORD,Kích thước,1 oz / 30 ml eau de parfum spray,,,có,,"25,5","649102,5"
2807477,Thương hiệu,Jo Malone London,Kích thước,3.4 oz / 100 ml cologne spray,,,có,,"16,5","420007,5"
2812618,Thương hiệu,Rare Beauty by Selena Gomez,,,,,có,,3,76365
2821734,Thương hiệu,Dolce&Gabbana,Kích thước,0.33 oz / 10 mL eau de parfum spray,,,có,,"3,5","89092,5"
2822476,Thương hiệu,Jean Paul Gaultier,Kích thước,2.5 oz / 75 mL eau de toilette spray,,,có,,"9,9","252004,5"
2825032,Thương hiệu,BURBERRY,Kích thước,1 oz / 30 ml eau de parfum spray,,,có,,"10,8",274914