SKU,Tên thuộc tính,Giá trị thuộc tính,Tên thuộc tính,Giá trị thuộc tính,,,Hiện thuộc tính,Thuộc tính mặc định
2790962,Thương hiệu,KILIAN Paris,Kích thước,1.7 oz / 50 ml eau de parfum spray,,Giá trị thuộc tính,có,
2821700,Thương hiệu,Dolce&Gabbana,Kích thước,0.33 oz / 10 mL eau de parfum spray,,KILIAN Paris,có,
1019983,Thương hiệu,Dolce&Gabbana,Kích thước,2.5 oz/ 75 mL,,Dolce&Gabbana,có,
1112481,Thương hiệu,Versace,Kích thước,3.4 oz/ 100 mL,,Versace,có,
1200716,Thương hiệu,Yves Saint Laurent,Kích thước,3.3 oz/ 100 mL,,Yves Saint Laurent,có,
1200773,Thương hiệu,Rabanne,Kích thước,3.4 oz/ 100 mL,,Rabanne,có,
1284710,Thương hiệu,CHANEL,Kích thước,1.7 oz,,CHANEL,có,
1359306,Thương hiệu,Versace,Kích thước,6.7 oz/ 200 mL,,DIOR,có,
1513225,Thương hiệu,Versace,Kích thước,3.4 oz/ 100 mL,,TOM FORD,có,
1695980,Thương hiệu,CHANEL,Kích thước,3.4 oz,,Montblanc,có,
1703495,Thương hiệu,DIOR,Kích thước,2.5 oz/ 75 mL,,Prada,có,
1706423,Thương hiệu,TOM FORD,Kích thước,3.4 oz/ 100 mL,,Armani Beauty,có,
1739317,Thương hiệu,DIOR,Kích thước,2 oz/ 60 mL,,Valentino,có,
1810688,Thương hiệu,Montblanc,Kích thước,1.7 oz/ 50 mL,,Carolina Herrera,có,
1849207,Thương hiệu,Versace,Kích thước,3.4 oz/ 100 mL,,BURBERRY,có,
2038123,Thương hiệu,DIOR,Kích thước,2.0 oz/ 60 mL,,Maison Louis Marie,có,
2065415,Thương hiệu,CHANEL,Kích thước,3.4 oz/ 100 mL,,HERMÈS,có,
2099729,Thương hiệu,Prada,Kích thước,3.4 oz/ 101 mL,,Jo Malone London,có,
2099885,Thương hiệu,Yves Saint Laurent,Kích thước,3.4 oz/ 100 mL eau de parfum spray,,Ellis Brooklyn,có,
2205466,Thương hiệu,Armani Beauty,Kích thước,3.4 oz/ 100 ml eau de parfum spray,,Viktor&Rolf,có,
2227908,Thương hiệu,Montblanc,Kích thước,3.3 oz/ 100 mL Eau de Parfum Spray,,CLEAN RESERVE,có,
2267797,Thương hiệu,DIOR,Kích thước,3.4 oz / 100 mL,,LoveShackFancy,có,
2302099,Thương hiệu,Valentino,Kích thước,1.7 oz/ 50 mL,,FORVR Mood,có,
2353498,Thương hiệu,Carolina Herrera,Kích thước,1.7 oz/ 50 mL,,5 SENS,có,
2373629,Thương hiệu,Montblanc,Kích thước,3.4 oz/ 100 mL,,KAYALI,có,
2408292,Thương hiệu,TOM FORD,Kích thước,1.7oz/ 50 mL,,Charlotte Tilbury,có,
2467454,Thương hiệu,DIOR,Kích thước,2 oz/ 60 mL,,Maison Margiela,có,
2470086,Thương hiệu,Prada,Kích thước,3.3 oz/ 100 mL,,BROWN GIRL Jane,có,
2543734,Thương hiệu,Valentino,Kích thước,3.4 oz/ 100 mL,,Sephora Favorites,có,
2545697,Thương hiệu,Carolina Herrera,Kích thước,1.7 oz / 50 mL eau de parfum spray,,Gucci,có,
2546216,Thương hiệu,Yves Saint Laurent,Kích thước,3.4 oz / 100 mL,,PHLUR,có,
2549947,Thương hiệu,Montblanc,Kích thước,1.7 oz/ 50 mL,,Commodity,có,
2603363,Thương hiệu,BURBERRY,Kích thước,3.3 oz / 100mL,,DedCool,có,
2639821,Thương hiệu,Valentino,Kích thước,1.7 oz / 50 mL eau de parfum spray,,Ariana Grande,có,
2706273,Thương hiệu,Yves Saint Laurent,Kích thước,3.4 oz / 100 ml eau de parfum spray,,Glossier,có,
2736536,Thương hiệu,Valentino,Kích thước,3.4 oz eau de toilette spray,,Marc Jacobs Fragrances,có,
2741643,Thương hiệu,TOM FORD,Kích thước,3.4 oz / 100 ml eau de parfum spray,,Chloé,có,
2765576,Thương hiệu,Dolce&Gabbana,Kích thước,3.3 oz eau de parfum spray,,Lancôme,có,
2821692,Thương hiệu,Dolce&Gabbana,Kích thước,1.6 oz / 50 mL eau de parfum spray,,NEST New York,có,
397299,Thương hiệu,Armani Beauty,Kích thước,3.3 oz / 100 ml eau de toilette spray,,Juliette Has a Gun,có,
1113281,Thương hiệu,CHANEL,Kích thước,3 x 0.7 oz,,GUERLAIN,có,
2321123,Thương hiệu,Maison Louis Marie,,,,Sol de Janeiro,có,
2412120,Thương hiệu,HERMÈS,,,,The 7 Virtues,có,
2412120,Thương hiệu,HERMÈS,,,,By Rosie Jane,có,
2561835,Thương hiệu,Yves Saint Laurent,,,,OUAI,có,
2616555,Thương hiệu,Jo Malone London,,,,Mugler,có,
2616555,Thương hiệu,Jo Malone London,,,,SKYLAR,có,
2619799,Thương hiệu,Ellis Brooklyn,,,,Moroccanoil,có,
2640019,Thương hiệu,Ellis Brooklyn,,,,World of Chris Collins,có,
2648400,Thương hiệu,HERMÈS,,,,HERETIC,có,
2648400,Thương hiệu,HERMÈS,,,,Nette,có,
2650794,Thương hiệu,Viktor&Rolf,,,,Floral Street,có,
2650802,Thương hiệu,Viktor&Rolf,,,,Henry Rose,có,
2655603,Thương hiệu,Armani Beauty,,,,JIMMY CHOO,có,
2658128,Thương hiệu,CLEAN RESERVE,,,,Rare Beauty by Selena Gomez,có,
2664746,Thương hiệu,Versace,,,,Salt & Stone,có,
2693026,Thương hiệu,Ellis Brooklyn,,,,Jean Paul Gaultier,có,
2701258,Thương hiệu,Valentino,,,,Gisou,có,
2706877,Thương hiệu,Prada,,,,MERIT,có,
2708147,Thương hiệu,LoveShackFancy,,,,Montale,có,
2718781,Thương hiệu,FORVR Mood,,,,The Maker,có,
2748978,Thương hiệu,5 SENS,,,,Ralph Lauren,có,
2752640,Thương hiệu,KAYALI,,,,,có,
2758746,Thương hiệu,Viktor&Rolf,,,,,có,
2761914,Thương hiệu,Charlotte Tilbury,,,,,có,
2761963,Thương hiệu,Maison Margiela,,,,,có,
2764975,Thương hiệu,Jo Malone London,,,,,có,
2771798,Thương hiệu,BROWN GIRL Jane,,,,,có,
2771897,Thương hiệu,Jo Malone London,,,,,có,
2778868,Thương hiệu,Sephora Favorites,,,,,có,
2779569,Thương hiệu,Jo Malone London,,,,,có,
2781847,Thương hiệu,LoveShackFancy,,,,,có,
2786572,Thương hiệu,Dolce&Gabbana,,,,,có,
2788198,Thương hiệu,Gucci,,,,,có,
2789006,Thương hiệu,KILIAN Paris,,,,,có,
2790061,Thương hiệu,Carolina Herrera,,,,,có,
2791499,Thương hiệu,DIOR,,,,,có,
2791564,Thương hiệu,DIOR,,,,,có,
2795086,Thương hiệu,Gucci,,,,,có,
2796308,Thương hiệu,KILIAN Paris,,,,,có,
2796316,Thương hiệu,KILIAN Paris,,,,,có,
2799237,Thương hiệu,5 SENS,,,,,có,
2799955,Thương hiệu,Ellis Brooklyn,,,,,có,
2800076,Thương hiệu,Prada,,,,,có,
2800175,Thương hiệu,Sephora Favorites,,,,,có,
2801090,Thương hiệu,PHLUR,,,,,có,
2801447,Thương hiệu,Commodity,,,,,có,
2804961,Thương hiệu,Armani Beauty,,,,,có,
2804979,Thương hiệu,Armani Beauty,,,,,có,
2805091,Thương hiệu,Sephora Favorites,,,,,có,
2806180,Thương hiệu,Carolina Herrera,,,,,có,
2808491,Thương hiệu,KAYALI,,,,,có,
2808517,Thương hiệu,KAYALI,,,,,có,
2808558,Thương hiệu,Charlotte Tilbury,,,,,có,
2809283,Thương hiệu,DedCool,,,,,có,
2809853,Thương hiệu,Maison Louis Marie,,,,,có,
2809986,Thương hiệu,Gucci,,,,,có,
2810000,Thương hiệu,BURBERRY,,,,,có,
2810026,Thương hiệu,BURBERRY,,,,,có,
2810034,Thương hiệu,Gucci,,,,,có,
2810133,Thương hiệu,Carolina Herrera,,,,,có,
2811743,Thương hiệu,HERMÈS,,,,,có,
2811768,Thương hiệu,FORVR Mood,,,,,có,
2813780,Thương hiệu,Ariana Grande,,,,,có,
2814747,Thương hiệu,Glossier,,,,,có,
2795292,Thương hiệu,Marc Jacobs Fragrances,,,,,có,
1001098,Thương hiệu,CHANEL,Kích thước,3.4 oz,,,có,
1007723,Thương hiệu,TOM FORD,Kích thước,1.7oz/ 50mL,,,có,
1029958,Thương hiệu,Marc Jacobs Fragrances,Kích thước,3.3 oz / 100 ml eau de toilette spray,,,có,
1063619,Thương hiệu,Versace,Kích thước,3 oz/ 90 mL,,,có,
1237379,Thương hiệu,CHANEL,Kích thước,1.7 oz,,,có,
1251164,Thương hiệu,Chloé,Kích thước,1 oz/ 30 mL,,,có,
1284249,Thương hiệu,Armani Beauty,Kích thước,1.7 oz/ 50 mL,,,có,
1317635,Thương hiệu,Marc Jacobs Fragrances,Kích thước,4.25 oz/ 125 mL,,,có,
1361930,Thương hiệu,Prada,Kích thước,1.7 oz/ 50 mL,,,có,
1377159,Thương hiệu,Viktor&Rolf,Kích thước,3.4 oz/ 100 mL,,,có,
1400001,Thương hiệu,CHANEL,Kích thước,0.7 oz eau de toilette,,,có,
1406586,Thương hiệu,Versace,Kích thước,3 oz/ 90 mL eau de toilette spray,,,có,
1449115,Thương hiệu,TOM FORD,Kích thước,1.7 oz/ 50 mL,,,có,
1449149,Thương hiệu,TOM FORD,Kích thước,1.7 oz/ 50 mL,,,có,
1449214,Thương hiệu,TOM FORD,Kích thước,1.7 oz/ 50 mL,,,có,
1449289,Thương hiệu,TOM FORD,Kích thước,1.7 oz/ 50 mL,,,có,
1459999,Thương hiệu,Lancôme,Kích thước,1.7 oz/ 50 mL,,,có,
1565902,Thương hiệu,TOM FORD,Kích thước,1.7 oz/ 50 mL,,,có,
1585009,Thương hiệu,NEST New York,Kích thước,1.7 oz/ 50 mL,,,có,
1593144,Thương hiệu,Maison Margiela,Kích thước,3.4 oz/ 100 mL eau de toilette spray,,,có,
1601301,Thương hiệu,Dolce&Gabbana,Kích thước,2.5 oz / 75 mL eau de parfum spray,,,có,
1602259,Thương hiệu,Maison Margiela,Kích thước,3.4 oz / 100 ml eau de toilette spray,,,có,
1605385,Thương hiệu,Versace,Kích thước,3 oz/ 90 mL,,,có,
1632777,Thương hiệu,TOM FORD,Kích thước,1.7 oz/ 50 mL,,,có,
1688852,Thương hiệu,Yves Saint Laurent,Kích thước,3 oz/ 90 mL,,,có,
1696921,Thương hiệu,Versace,Kích thước,3.4 oz/ 100 mL,,,có,
1698299,Thương hiệu,Yves Saint Laurent,Kích thước,0.33 oz/ 10 mL eau de parfum spray,,,có,
1703321,Thương hiệu,Juliette Has a Gun,Kích thước,3.3 oz/ 100 mL,,,có,
1712918,Thương hiệu,Versace,Kích thước,0.34 oz/ 10 mL,,,có,
1731918,Thương hiệu,Gucci,Kích thước,1 oz,,,có,
1788058,Thương hiệu,Maison Margiela,Kích thước,3.4 oz/ 100 mL,,,có,
1808088,Thương hiệu,TOM FORD,Kích thước,1.7 oz/ 50 mL,,,có,
1837624,Thương hiệu,CHANEL,Kích thước,1.7 oz/ 50 mL,,,có,
1838010,Thương hiệu,BURBERRY,Kích thước,3 oz/ 89 mL,,,có,
1838861,Thương hiệu,Yves Saint Laurent,Kích thước,1.6 oz/ 47 mL,,,có,
1856491,Thương hiệu,Juliette Has a Gun,Kích thước,3.3 oz/ 100 mL Eau de Parfum Spray,,,có,
1873397,Thương hiệu,Ellis Brooklyn,Kích thước,1.7 oz/ 50 mL Eau de Parfum Spray,,,có,
1873405,Thương hiệu,Ellis Brooklyn,Kích thước,1.7 oz/ 50 mL Eau de Parfum Spray,,,có,
1912591,Thương hiệu,DIOR,Kích thước,3.4 oz/ 100 mL,,,có,
1915487,Thương hiệu,Ellis Brooklyn,Kích thước,1.7 oz/ 50 mL Eau de Parfum Spray,,,có,
1915537,Thương hiệu,GUERLAIN,Kích thước,3.3 oz/ 100 mL,,,có,
1928548,Thương hiệu,Yves Saint Laurent,Kích thước,0.34 oz/ 10 mL,,,có,
1930759,Thương hiệu,Sol de Janeiro,Kích thước,8.1 oz/ 240 mL,,,có,
1942812,Thương hiệu,Dolce&Gabbana,Kích thước,3.3 oz/ 100 mL,,,có,
1964840,Thương hiệu,Gucci,Kích thước,1.6 oz/ 50 mL,,,có,
1976075,Thương hiệu,BURBERRY,Kích thước,3.0 oz/ 90 mL eau de parfum spray,,,có,
1976554,Thương hiệu,HERMÈS,Kích thước,2.8 oz/ 83 mL,,,có,
1985779,Thương hiệu,CLEAN RESERVE,Kích thước,0.34 oz/ 10 mL,,,có,
1985779,Thương hiệu,CLEAN RESERVE,Kích thước,0.34 oz/ 10 mL,,,có,
1992627,Thương hiệu,Maison Margiela,Kích thước,3.4 oz/ 100 mL,,,có,
2036788,Thương hiệu,CLEAN RESERVE,Kích thước,0.33 oz/ 10 mL,,,có,
2037471,Thương hiệu,Chloé,Kích thước,2.5 oz/ 75 mL,,,có,
2037935,Thương hiệu,Armani Beauty,Kích thước,1.7 oz/ 50 mL,,,có,
2038917,Thương hiệu,TOM FORD,Kích thước,0.33 oz/10 mL,,,có,
2038933,Thương hiệu,TOM FORD,Kích thước,1.7 oz/ 50 mL,,,có,
2040475,Thương hiệu,CHANEL,Kích thước,1.7 oz/ 50 mL,,,có,
2047801,Thương hiệu,The 7 Virtues,Kích thước,1.7 oz/ 50 mL Eau de Parfum Spray,,,có,
2052546,Thương hiệu,Versace,Kích thước,1.7 oz/ 50 mL,,,có,
2056208,Thương hiệu,TOM FORD,Kích thước,1.7 oz/ 50 mL,,,có,
2077980,Thương hiệu,Maison Louis Marie,Kích thước,1.7 oz/ 50 mL,,,có,
2098044,Thương hiệu,DIOR,Kích thước,.7 oz / 20 mL eau de toilette rollerball,,,có,
2101293,Thương hiệu,TOM FORD,Kích thước,1.7oz/ 50mL,,,có,
2101368,Thương hiệu,TOM FORD,Kích thước,0.3 oz/ 10 mL,,,có,
2160455,Thương hiệu,BURBERRY,Kích thước,1.6 oz/ 50 mL eau de parfum spray,,,có,
2175727,Thương hiệu,TOM FORD,Kích thước,0.33 oz/ 10 mL,,,có,
2175982,Thương hiệu,Juliette Has a Gun,Kích thước,3.3 oz / 100 mL,,,có,
2176071,Thương hiệu,Marc Jacobs Fragrances,Kích thước,3.3 oz/ 100 mL,,,có,
2176196,Thương hiệu,Gucci,Kích thước,1.6 oz/ 50 mL,,,có,
2176584,Thương hiệu,Ellis Brooklyn,Kích thước,0.33oz/10mL,,,có,
2176626,Thương hiệu,Ellis Brooklyn,Kích thước,1.7oz/50mL,,,có,
2177996,Thương hiệu,Maison Margiela,Kích thước,3.4oz/ 100mL,,,có,
2196996,Thương hiệu,CLEAN RESERVE,Kích thước,1oz/30mL,,,có,
2197143,Thương hiệu,CLEAN RESERVE,Kích thước,2 oz / 60 mL,,,có,
2202380,Thương hiệu,Jo Malone London,Kích thước,2 x 0.3oz/9mL,,,có,
2236214,Thương hiệu,By Rosie Jane,Kích thước,1.7 oz/ 50 mL Eau De Parfum Spray,,,có,
2236222,Thương hiệu,By Rosie Jane,Kích thước,1.7 oz/ 50 mL,,,có,
2236255,Thương hiệu,By Rosie Jane,Kích thước,1.7 / 50,,,có,
2238145,Thương hiệu,CHANEL,Kích thước,3.4 oz/ 100 mL,,,có,
2249621,Thương hiệu,Lancôme,Kích thước,1.7 oz/ 50 mL,,,có,
2251205,Thương hiệu,TOM FORD,Kích thước,1.7 oz/ 50 mL,,,có,
2288025,Thương hiệu,Juliette Has a Gun,Kích thước,3.3 oz Eau de Parfum Spray,,,có,
2316032,Thương hiệu,Yves Saint Laurent,Kích thước,3.04 oz/ 90 mL,,,có,
2316099,Thương hiệu,CLEAN RESERVE,Kích thước,3.4 oz/ 100 mL,,,có,
2316255,Thương hiệu,Maison Margiela,Kích thước,3.4 oz/ 100 mL,,,có,
2316362,Thương hiệu,Juliette Has a Gun,Kích thước,3.3 oz/ 100 mL,,,có,
2317345,Thương hiệu,Ellis Brooklyn,Kích thước,1.7 oz/ 50 mL,,,có,
2317352,Thương hiệu,Ellis Brooklyn,Kích thước,1.7 oz/ 50 mL,,,có,
2318756,Thương hiệu,TOM FORD,Kích thước,1.7 oz/ 50 mL,,,có,
2319424,Thương hiệu,Armani Beauty,Kích thước,1 oz/ 30 mL,,,có,
2320109,Thương hiệu,KILIAN Paris,Kích thước,1.7 oz / 50 mL Eau de Parfum Spray,,,có,
2320133,Thương hiệu,KILIAN Paris,Kích thước,1.7 oz / 50 mL eau de parfum spray,,,có,
2320174,Thương hiệu,KILIAN Paris,Kích thước,1.7 oz/ 50 mL Eau de Parfum Spray,,,có,
2320240,Thương hiệu,DIOR,Kích thước,0.67 oz/ 20 mL,,,có,
2327278,Thương hiệu,TOM FORD,Kích thước,1.5 oz/ 45 mL,,,có,
2327278,Thương hiệu,TOM FORD,Kích thước,1.5 oz/ 45 mL,,,có,
2355451,Thương hiệu,KILIAN Paris,Kích thước,0.24 oz / 7.5 mL eau de parfum spray,,,có,
2361038,Thương hiệu,Maison Margiela,Kích thước,3.4 oz/ 100 mL,,,có,
2362812,Thương hiệu,Marc Jacobs Fragrances,Kích thước,3.3 oz/ 100 mL,,,có,
2362838,Thương hiệu,KILIAN Paris,Kích thước,1.7 oz / 50 mL eau de parfum spray,,,có,
2369288,Thương hiệu,TOM FORD,Kích thước,3.4 oz/ 100 mL,,,có,
2369338,Thương hiệu,TOM FORD,Kích thước,1.7 oz/ 50 mL,,,có,
2369387,Thương hiệu,TOM FORD,Kích thước,0.33 oz/ 10 mL,,,có,
2369940,Thương hiệu,OUAI,Kích thước,0.34 fl oz/ 10 mL,,,có,
2370401,Thương hiệu,Valentino,Kích thước,1.7 oz/ 50 mL,,,có,
2370435,Thương hiệu,Valentino,Kích thước,0.33 oz/ 10 mL,,,có,
2371888,Thương hiệu,Yves Saint Laurent,Kích thước,5.07 oz / 147 mL eau de parfum spray,,,có,
2371987,Thương hiệu,CHANEL,Kích thước,3.4 oz/ 100 mL,,,có,
2373876,Thương hiệu,DIOR,Kích thước,1.7 oz/ 50 mL,,,có,
2376044,Thương hiệu,Sol de Janeiro,Kích thước,3.0 oz/ 90 mL,,,có,
2399764,Thương hiệu,Maison Margiela,Kích thước,3.4 oz / 100 mL,,,có,
2408060,Thương hiệu,Gucci,Kích thước,1.6 oz/ 50 mL eau de toilette spray,,,có,
2408177,Thương hiệu,Ellis Brooklyn,Kích thước,1.7 oz/ 50 mL Eau de Parfum Spray,,,có,
2408250,Thương hiệu,Dolce&Gabbana,Kích thước,0.33 oz/ 10 mL,,,có,
2408458,Thương hiệu,Valentino,Kích thước,3.4 oz/ 100 mL,,,có,
2411429,Thương hiệu,NEST New York,Kích thước,1 oz/ 30 mL,,,có,
2411437,Thương hiệu,NEST New York,Kích thước,0.20 oz / 6 ml,,,có,
2427482,Thương hiệu,Versace,Kích thước,3.4 oz/ 100 mL,,,có,
2444628,Thương hiệu,Maison Louis Marie,Kích thước,0.1 oz/ 3 mL,,,có,
2444628,Thương hiệu,Maison Louis Marie,Kích thước,0.1 oz/ 3 mL,,,có,
2461812,Thương hiệu,Sol de Janeiro,Kích thước,3 oz/ 90 mL,,,có,
2465433,Thương hiệu,Maison Margiela,Kích thước,3.4 oz/ 100 mL,,,có,
2466472,Thương hiệu,TOM FORD,Kích thước,3.4 oz/ 100 mL,,,có,
2467157,Thương hiệu,Mugler,Kích thước,3 oz/ 89 mL eau de parfum spray,,,có,
2468098,Thương hiệu,Carolina Herrera,Kích thước,2.7 oz/ 80 mL,,,có,
2468353,Thương hiệu,SKYLAR,Kích thước,0.33 oz/ 10 mL,,,có,
2470714,Thương hiệu,Gucci,Kích thước,3.3 oz / 100 ml eau de parfum spray,,,có,
2471514,Thương hiệu,Maison Margiela,Kích thước,3.4 oz/ 100 mL,,,có,
2474021,Thương hiệu,TOM FORD,Kích thước,1.7 oz/ 50 mL,,,có,
2474237,Thương hiệu,KILIAN Paris,Kích thước,1.7 oz/ 50 mL Eau de Parfum Spray,,,có,
2480564,Thương hiệu,Viktor&Rolf,Kích thước,3.4 oz eau de parfum spray,,,có,
2483121,Thương hiệu,Moroccanoil,Kích thước,1 oz/ 30 mL,,,có,
2483139,Thương hiệu,Moroccanoil,Kích thước,3.4 oz/ 100 mL,,,có,
2493930,Thương hiệu,KAYALI,Kích thước,0.33 oz/ 10 mL eau de parfum spray,,,có,
2493955,Thương hiệu,KAYALI,Kích thước,3.4 oz/ 100 mL eau de parfum spray,,,có,
2531812,Thương hiệu,DIOR,Kích thước,0.7 oz/ 20 mL,,,có,
2541399,Thương hiệu,Valentino,Kích thước,3.4 oz/100 mL,,,có,
2541530,Thương hiệu,Gucci,Kích thước,1.7 oz/ 50 mL,,,có,
2543627,Thương hiệu,Valentino,Kích thước,.33 oz / 10 mL,,,có,
2543635,Thương hiệu,Valentino,Kích thước,0.33 oz/ 10 mL,,,có,
2544484,Thương hiệu,BURBERRY,Kích thước,3.3 oz/ 100 mL eau de toilette spray,,,có,
2546125,Thương hiệu,Yves Saint Laurent,Kích thước,1.7 oz / 50 mL,,,có,
2549236,Thương hiệu,Ellis Brooklyn,Kích thước,1.7 oz/ 50 mL Eau de Parfum Spray,,,có,
2552511,Thương hiệu,Ellis Brooklyn,Kích thước,1.7 oz/ 50 mL eau de parfum spray,,,có,
2553188,Thương hiệu,DIOR,Kích thước,3.4 oz / 100 mL,,,có,
2553311,Thương hiệu,Viktor&Rolf,Kích thước,1.7 oz / 50 mL eau de parfum spray,,,có,
2558807,Thương hiệu,World of Chris Collins,Kích thước,1.7 oz/ 50 mL,,,có,
2562718,Thương hiệu,HERETIC,Kích thước,1.7 oz/ 50 mL eau de parfum,,,có,
2568350,Thương hiệu,PHLUR,Kích thước,1.7 oz/ 50 mL,,,có,
2569747,Thương hiệu,Sol de Janeiro,Kích thước,3.04 oz / 90 mL,,,có,
2576072,Thương hiệu,KILIAN Paris,Kích thước,1.70 oz / 50 mL eau de parfum spray,,,có,
2577443,Thương hiệu,Sol de Janeiro,Kích thước,8.01 oz / 240 mL,,,có,
2577443,Thương hiệu,Sol de Janeiro,Kích thước,8.01 oz / 240 mL,,,có,
2586253,Thương hiệu,Lancôme,Kích thước,0.33 oz / 10 mL,,,có,
2590503,Thương hiệu,Maison Margiela,Kích thước,3.4 oz / 100 mL eau de toilette spray,,,có,
2591170,Thương hiệu,Prada,Kích thước,3 oz / 90 mL,,,có,
2591196,Thương hiệu,Prada,Kích thước,0.33 oz / 10 mL eau de parfum spray,,,có,
2594158,Thương hiệu,TOM FORD,Kích thước,1 oz / 30 mL eau de parfum spray,,,có,
2599900,Thương hiệu,KAYALI,Kích thước,.34 oz / 10 mL eau de parfum spray,,,có,
2599900,Thương hiệu,KAYALI,Kích thước,.34 oz / 10 mL eau de parfum spray,,,có,
2599967,Thương hiệu,KAYALI,Kích thước,1.7 oz / 50 mL,,,có,
2600534,Thương hiệu,KILIAN Paris,Kích thước,0.33 oz / 10 mL eau de parfum spray,,,có,
2600542,Thương hiệu,KILIAN Paris,Kích thước,1.7 oz / 50 mL eau de parfum spray,,,có,
2603231,Thương hiệu,Gucci,Kích thước,3.3 oz / 100 mL eau de parfum spray,,,có,
2603280,Thương hiệu,Marc Jacobs Fragrances,Kích thước,2.5 oz / 75 mL,,,có,
2603322,Thương hiệu,BURBERRY,Kích thước,0.33 oz / 10 mL parfum spray,,,có,
2608735,Thương hiệu,BURBERRY,Kích thước,3.4 oz / 100 mL parfum spray,,,có,
260885,Thương hiệu,DIOR,Kích thước,1.7 oz/ 50 mL,,,có,
2611465,Thương hiệu,KAYALI,Kích thước,3.4 oz / 100 mL eau de parfum spray,,,có,
2616084,Thương hiệu,Commodity,Kích thước,3.4 oz / 100 mL eau de parfum spray,,,có,
2619294,Thương hiệu,Sol de Janeiro,Kích thước,0.27 oz / 8 mL Eau De Parfum Spray,,,có,
2628873,Thương hiệu,CLEAN RESERVE,Kích thước,0.33 oz / 10 mL eau de parfum spray,,,có,
2628873,Thương hiệu,CLEAN RESERVE,Kích thước,0.33 oz / 10 mL eau de parfum spray,,,có,
2634657,Thương hiệu,KAYALI,Kích thước,0.33 oz / 10 mL eau de parfum spray,,,có,
2634673,Thương hiệu,KAYALI,Kích thước,3.4 oz / 100 mL eau de parfum spray,,,có,
2636108,Thương hiệu,CLEAN RESERVE,Kích thước,3.4 oz eau de parfum spray,,,có,
2636116,Thương hiệu,CLEAN RESERVE,Kích thước,0.34 oz eau de parfum rollerball,,,có,
2639615,Thương hiệu,Yves Saint Laurent,Kích thước,1.0 oz / 30 ml eau de parfum,,,có,
2639789,Thương hiệu,Valentino,Kích thước,1 oz / 30 mL eau de parfum spray,,,có,
2639797,Thương hiệu,Valentino,Kích thước,0.34 oz / 10 mL eau de parfum spray,,,có,
2640092,Thương hiệu,TOM FORD,Kích thước,1.7 oz / 50 mL,,,có,
2640118,Thương hiệu,TOM FORD,Kích thước,1.7 oz / 50 mL,,,có,
2644417,Thương hiệu,Gucci,Kích thước,0.33 oz / 10 ml eau de parfum spray,,,có,
2644417,Thương hiệu,Gucci,Kích thước,0.33 oz / 10 ml eau de parfum spray,,,có,
2644458,Thương hiệu,Gucci,Kích thước,0.33 oz / 10 ml eau de parfum spray,,,có,
2644474,Thương hiệu,Gucci,Kích thước,0.33 oz / 10 mL,,,có,
2644474,Thương hiệu,Gucci,Kích thước,0.33 oz / 10 mL,,,có,
2644482,Thương hiệu,Gucci,Kích thước,0.33 oz,,,có,
2644532,Thương hiệu,DIOR,Kích thước,3.4 oz / 100 mL eau de toilette spray,,,có,
2647782,Thương hiệu,PHLUR,Kích thước,1.7 oz / 50 mL,,,có,
2648632,Thương hiệu,By Rosie Jane,Kích thước,1.7 oz eau de parfum spray,,,có,
2648665,Thương hiệu,Maison Louis Marie,Kích thước,1.7 oz / 50 mL eau de parfum spray,,,có,
2648681,Thương hiệu,Maison Louis Marie,Kích thước,0.50 oz / 15 mL perfume oil,,,có,
2648699,Thương hiệu,Maison Louis Marie,Kích thước,0.1 oz / 3 mL perfume oil,,,có,
2652071,Thương hiệu,Sol de Janeiro,Kích thước,8.1 oz / 240 mL,,,có,
2653327,Thương hiệu,Carolina Herrera,Kích thước,0.34 oz / 10 mL eau de parfum spray,,,có,
2653327,Thương hiệu,Carolina Herrera,Kích thước,0.34 oz / 10 mL eau de parfum spray,,,có,
2657567,Thương hiệu,Versace,Kích thước,3.4 oz / 100 mL eau de parfum spray,,,có,
2659357,Thương hiệu,Nette,Kích thước,.33 / 10 mL eau de parfum spray,,,có,
2660041,Thương hiệu,Floral Street,Kích thước,0.33 oz / 10 mL eau de parfum spray,,,có,
2672095,Thương hiệu,Jo Malone London,Kích thước,1.7 oz / 50 ml cologne spray,,,có,
2672152,Thương hiệu,Jo Malone London,Kích thước,3.4 oz / 100 ml cologne spray,,,có,
2674463,Thương hiệu,5 SENS,Kích thước,1 oz / 30 mL eau de parfum spray,,,có,
2674919,Thương hiệu,Dolce&Gabbana,Kích thước,1 oz eau de toilette Spray,,,có,
2674943,Thương hiệu,Dolce&Gabbana,Kích thước,3.4 oz / 100 mL eau de toilette spray,,,có,
2675841,Thương hiệu,Mugler,Kích thước,3.4 oz / 100 mL eau de parfum spray,,,có,
2676443,Thương hiệu,DedCool,Kích thước,0.5 oz / 15 ml eau de parfum spray,,,có,
2676443,Thương hiệu,DedCool,Kích thước,0.5 oz / 15 ml eau de parfum spray,,,có,
2678100,Thương hiệu,Jo Malone London,Kích thước,3.4oz / 100ml cologne spray,,,có,
2685030,Thương hiệu,DedCool,Kích thước,1.7 oz,,,có,
2685840,Thương hiệu,Henry Rose,Kích thước,1.7 oz / 50 mL eau de parfum spray,,,có,
2686616,Thương hiệu,Jo Malone London,Kích thước,3.4 oz / 100 ml spray,,,có,
2689602,Thương hiệu,Gucci,Kích thước,3.4 oz / 100 ml eau de parfum,,,có,
2689610,Thương hiệu,BURBERRY,Kích thước,0.34 oz / 10 ml eau de parfum spray,,,có,
2690345,Thương hiệu,Prada,Kích thước,1.7 oz / 50 mL eau de parfum spray,,,có,
2692242,Thương hiệu,KILIAN Paris,Kích thước,1.7 oz / 50 mL eau de parfum spray,,,có,
2692911,Thương hiệu,KAYALI,Kích thước,3.4 oz eau de parfum spray,,,có,
2692929,Thương hiệu,KAYALI,Kích thước,0.33 oz eau de parfum spray,,,có,
2693349,Thương hiệu,PHLUR,Kích thước,3 oz eau de parfum spray,,,có,
2693356,Thương hiệu,PHLUR,Kích thước,eau de parfum spray,,,có,
2693364,Thương hiệu,PHLUR,Kích thước,3 oz eau de parfum spray,,,có,
2693380,Thương hiệu,PHLUR,Kích thước,3 oz eau de parfum spray,,,có,
2693612,Thương hiệu,JIMMY CHOO,Kích thước,0.33 oz / 10 ml eau de parfum spray,,,có,
2694941,Thương hiệu,Maison Margiela,Kích thước,3.4 oz eau de toilette spray,,,có,
2695062,Thương hiệu,Chloé,Kích thước,3.3 oz eau de parfum spray,,,có,
2695302,Thương hiệu,BURBERRY,Kích thước,5 oz / 147.9 ml Refill eau de parfum spray,,,có,
2697720,Thương hiệu,TOM FORD,Kích thước,1 oz / 30 ml eau de parfum spray,,,có,
2698181,Thương hiệu,CHANEL,Kích thước,1.7 oz / 50 mL eau de parfum spray,,,có,
2699239,Thương hiệu,Marc Jacobs Fragrances,Kích thước,3.3 oz / 100 mL eau de parfum,,,có,
2703437,Thương hiệu,Yves Saint Laurent,Kích thước,3 oz / 90 mL eau de parfum spray,,,có,
2704013,Thương hiệu,DIOR,Kích thước,1.7 oz / 50 mL eau de parfum spray,,,có,
2704062,Thương hiệu,JIMMY CHOO,Kích thước,3.4 oz / 100 ml eau de parfum spray,,,có,
2704062,Thương hiệu,JIMMY CHOO,Kích thước,3.4 oz / 100 ml eau de parfum spray,,,có,
2704096,Thương hiệu,JIMMY CHOO,Kích thước,0.33 oz / 10 ml eau de parfum spray,,,có,
2704096,Thương hiệu,JIMMY CHOO,Kích thước,0.33 oz / 10 ml eau de parfum spray,,,có,
2705309,Thương hiệu,KAYALI,Kích thước,0.33 oz / 10 ml eau de parfum spray,,,có,
2705325,Thương hiệu,KAYALI,Kích thước,0.33 oz / 10 ml eau de parfum spray,,,có,
2705333,Thương hiệu,KAYALI,Kích thước,1.7 oz / 50 ml eau de parfum spray,,,có,
2718690,Thương hiệu,FORVR Mood,Kích thước,1.7 oz eau de parfum spray,,,có,
2718708,Thương hiệu,FORVR Mood,Kích thước,1.7 oz eau de parfum spray,,,có,
2718716,Thương hiệu,FORVR Mood,Kích thước,1.7 oz eau de parfum spray,,,có,
2718724,Thương hiệu,FORVR Mood,Kích thước,1.7 oz eau de parfum spray,,,có,
2718732,Thương hiệu,FORVR Mood,Kích thước,0.34 oz eau de parfum spray,,,có,
2725927,Thương hiệu,Maison Margiela,Kích thước,3.4 oz eau de toilette spray,,,có,
2728822,Thương hiệu,Dolce&Gabbana,Kích thước,1 oz eau de parfum spray,,,có,
2729713,Thương hiệu,TOM FORD,Kích thước,1.7 oz eau de parfum,,,có,
2729879,Thương hiệu,Viktor&Rolf,Kích thước,0.34 oz eau de parfum spray,,,có,
2732691,Thương hiệu,Yves Saint Laurent,Kích thước,0.33 oz eau de parfum,,,có,
2734044,Thương hiệu,Rare Beauty by Selena Gomez,Kích thước,3.3 oz / 100 mL,,,có,
2734085,Thương hiệu,Sol de Janeiro,Kích thước,3.04 oz,,,có,
2734093,Thương hiệu,Sol de Janeiro,Kích thước,8.1 oz,,,có,
2736189,Thương hiệu,Nette,Kích thước,1.7 oz / 50 mL eau de parfum spray,,,có,
2736494,Thương hiệu,Valentino,Kích thước,1 oz eau de parfum spray,,,có,
2736502,Thương hiệu,Valentino,Kích thước,0.33 oz eau de parfum spray,,,có,
2737690,Thương hiệu,Glossier,Kích thước,3.4 OZ / 100 ML EAU DE PARFUM SPRAY,,,có,
2740959,Thương hiệu,Jo Malone London,Kích thước,3.3 oz / 100 mL spray,,,có,
2741668,Thương hiệu,5 SENS,Kích thước,1 oz / 30 ml eau de parfum spray,,,có,
2747194,Thương hiệu,DIOR,Kích thước,1.2 oz parfum spray,,,có,
2747384,Thương hiệu,Carolina Herrera,Kích thước,1.7 oz / 50 mL elixir spray,,,có,
2747442,Thương hiệu,Ellis Brooklyn,Kích thước,1.7 oz / 50 ml eau de toilette spray,,,có,
2748523,Thương hiệu,TOM FORD,Kích thước,1.7 oz / 50 mL perfume spray,,,có,
2748929,Thương hiệu,Carolina Herrera,Kích thước,3.4 oz/ 100 ml spray,,,có,
2751865,Thương hiệu,Mugler,Kích thước,0.34 oz / 10 mL eau de parfum spray,,,có,
2752665,Thương hiệu,KAYALI,Kích thước,0.34 oz / 10 ml eau de parfum spray,,,có,
2752665,Thương hiệu,KAYALI,Kích thước,0.34 oz / 10 ml eau de parfum spray,,,có,
2753879,Thương hiệu,Armani Beauty,Kích thước,3.4 oz eau de parfum spray,,,có,
2758928,Thương hiệu,Jo Malone London,Kích thước,0.34 oz / 10 mL cologne spray,,,có,
2758928,Thương hiệu,Jo Malone London,Kích thước,0.34 oz / 10 mL cologne spray,,,có,
2759918,Thương hiệu,Dolce&Gabbana,Kích thước,1.6 oz,,,có,
2760148,Thương hiệu,Salt & Stone,Kích thước,3.4 oz / 100 mL,,,có,
2761609,Thương hiệu,Ellis Brooklyn,Kích thước,1.7 oz / 50 ml eau de parfum spray,,,có,
2761815,Thương hiệu,Charlotte Tilbury,Kích thước,0.34 oz eau de parfum spray,,,có,
2761831,Thương hiệu,Charlotte Tilbury,Kích thước,0.34 oz eau de parfum spray,,,có,
2761856,Thương hiệu,Charlotte Tilbury,Kích thước,3.4 oz eau de parfum spray,,,có,
2761864,Thương hiệu,Charlotte Tilbury,Kích thước,3.4 oz eau de parfum spray,,,có,
2761872,Thương hiệu,Charlotte Tilbury,Kích thước,0.34 oz eau de parfum spray,,,có,
2761880,Thương hiệu,Charlotte Tilbury,Kích thước,3.4 oz eau de parfum spray,,,có,
2761898,Thương hiệu,Charlotte Tilbury,Kích thước,0.34 oz eau de parfum spray,,,có,
2761906,Thương hiệu,Charlotte Tilbury,Kích thước,0.34 oz eau de parfum spray,,,có,
2761906,Thương hiệu,Charlotte Tilbury,Kích thước,0.34 oz eau de parfum spray,,,có,
2761922,Thương hiệu,Charlotte Tilbury,Kích thước,0.34 oz eau de parfum spray,,,có,
2761930,Thương hiệu,Charlotte Tilbury,Kích thước,3.4 oz eau de parfum spray,,,có,
2762433,Thương hiệu,PHLUR,Kích thước,3 oz,,,có,
2762458,Thương hiệu,PHLUR,Kích thước,3 oz,,,có,
2764173,Thương hiệu,KILIAN Paris,Kích thước,1.7 oz / 50 ml eau de parfum spray,,,có,
2765303,Thương hiệu,PHLUR,Kích thước,0.32 oz / 9.5 ml eau de parfum spray,,,có,
2765311,Thương hiệu,PHLUR,Kích thước,1.7 oz / 50 ml eau de parfum spray,,,có,
2766517,Thương hiệu,Maison Louis Marie,Kích thước,0.5 oz eau de parfum oil,,,có,
2766525,Thương hiệu,Maison Louis Marie,Kích thước,1.7 oz / 50 mL eau de parfum spray,,,có,
2766533,Thương hiệu,Maison Louis Marie,Kích thước,0.1 oz eau de parfum oil,,,có,
2769370,Thương hiệu,NEST New York,Kích thước,4.2 oz spray,,,có,
2770485,Thương hiệu,OUAI,Kích thước,3.3 oz,,,có,
2771533,Thương hiệu,Glossier,Kích thước,0.27 oz/ 8 mL eau de parfum spray,,,có,
2771715,Thương hiệu,BROWN GIRL Jane,Kích thước,1.7 oz / 50 ml eau de parfum spray,,,có,
2771772,Thương hiệu,BROWN GIRL Jane,Kích thước,1.7 oz eau de parfum spray,,,có,
2771780,Thương hiệu,BROWN GIRL Jane,Kích thước,0.34 oz eau de parfum spray,,,có,
2774768,Thương hiệu,Sol de Janeiro,Kích thước,3.04 oz,,,có,
2774776,Thương hiệu,Sol de Janeiro,Kích thước,3.04 oz,,,có,
2774792,Thương hiệu,Sol de Janeiro,Kích thước,3.04 oz,,,có,
2778371,Thương hiệu,Dolce&Gabbana,Kích thước,2.5 oz / 75 mL eau de toilette spray,,,có,
2778603,Thương hiệu,Jean Paul Gaultier,Kích thước,0.5 oz / 15 mL eau de parfum spray,,,có,
2787604,Thương hiệu,BURBERRY,Kích thước,3.3 oz / 100 ml eau de parfum,,,có,
2788149,Thương hiệu,Gucci,Kích thước,3.3 oz / 100 ml eau de parfum spray,,,có,
2788164,Thương hiệu,Gucci,Kích thước,0.33 oz / 10 ml eau de parfum spray,,,có,
2788727,Thương hiệu,DedCool,Kích thước,32 oz/ 947 ml,,,có,
2788735,Thương hiệu,DedCool,Kích thước,2 oz/ 60 mL,,,có,
2788743,Thương hiệu,DedCool,Kích thước,2 oz/ 60 mL,,,có,
2790095,Thương hiệu,KAYALI,Kích thước,0.33 oz / 10 ml eau de parfum spray,,,có,
2790103,Thương hiệu,KAYALI,Kích thước,0.33 oz / 10 ml eau de parfum spray,,,có,
2790111,Thương hiệu,KAYALI,Kích thước,0.33 oz / 10 ml eau de parfum spray,,,có,
2791382,Thương hiệu,CHANEL,Kích thước,3.4 oz / 100ml eau de toilette spray,,,có,
2791432,Thương hiệu,PHLUR,Kích thước,8 oz spray,,,có,
2791457,Thương hiệu,PHLUR,Kích thước,8 oz spray,,,có,
2791598,Thương hiệu,DIOR,Kích thước,0.7 oz / 20 ml eau de parfum rollerball,,,có,
2791606,Thương hiệu,The 7 Virtues,Kích thước,1.7 oz / 50ml eau de parfum spray,,,có,
2791614,Thương hiệu,The 7 Virtues,Kích thước,0.34 oz / 10ml eau de parfum spray,,,có,
2791663,Thương hiệu,Ellis Brooklyn,Kích thước,1.7 oz / 50 ml spray,,,có,
2794527,Thương hiệu,JIMMY CHOO,Kích thước,0.34 oz / 10 ml parfum spray,,,có,
2796514,Thương hiệu,Sol de Janeiro,Kích thước,3 oz / 90 ml,,,có,
2796597,Thương hiệu,Sol de Janeiro,Kích thước,8.1 oz / 240 ml,,,có,
2799153,Thương hiệu,Ellis Brooklyn,Kích thước,3.4 oz / 100 ml spray,,,có,
2799286,Thương hiệu,Prada,Kích thước,3 oz / 90 ml eau de parfum spray,,,có,
2799310,Thương hiệu,Maison Margiela,Kích thước,3.4 oz / 100 ml eau de toilette spray,,,có,
2799898,Thương hiệu,Yves Saint Laurent,Kích thước,3 oz/ 90 ml eau de parfum spray,,,có,
2800050,Thương hiệu,Marc Jacobs Fragrances,Kích thước,3.3 oz / 100 ml eau de parfum spray,,,có,
2800142,Thương hiệu,HERMÈS,Kích thước,0.5 oz / 15 ml parfum spray,,,có,
2800142,Thương hiệu,HERMÈS,Kích thước,0.5 oz / 15 ml parfum spray,,,có,
2800209,Thương hiệu,NEST New York,Kích thước,0.27 oz eau de parfum spray,,,có,
2800217,Thương hiệu,NEST New York,Kích thước,1.7 oz eau de parfum spray,,,có,
2800415,Thương hiệu,Dolce&Gabbana,Kích thước,3.3 oz / 100 ml eau de parfum spray,,,có,
2801561,Thương hiệu,Yves Saint Laurent,Kích thước,0.33 oz / 10 ml eau de parfum spray,,,có,
2804516,Thương hiệu,Rabanne,Kích thước,3 oz / 90 ml eau de parfum spray,,,có,
2804722,Thương hiệu,LoveShackFancy,Kích thước,,,,có,
2804730,Thương hiệu,LoveShackFancy,Kích thước,3 oz / 90 mL,,,có,
2804748,Thương hiệu,LoveShackFancy,Kích thước,3 oz / 90 mL,,,có,
2804763,Thương hiệu,LoveShackFancy,Kích thước,8 oz / 240 ml Body Spray,,,có,
2804771,Thương hiệu,LoveShackFancy,Kích thước,8 oz / 240 ml Body Spray,,,có,
2804821,Thương hiệu,KAYALI,Kích thước,3.4 fl oz / 100 mL eau de parfum spray,,,có,
2806172,Thương hiệu,Carolina Herrera,Kích thước,0.24 oz / 7 mL elixir spray,,,có,
2806743,Thương hiệu,Gisou,Kích thước,1.7 oz / 50 ml,,,có,
2807139,Thương hiệu,MERIT,Kích thước,1 oz / 30 mL parfum spray,,,có,
2808590,Thương hiệu,Jean Paul Gaultier,Kích thước,1.7 oz / 50 ml parfum spray,,,có,
2809374,Thương hiệu,Ariana Grande,Kích thước,0.33 oz/ 10 ml eau de parfum spray,,,có,
2809382,Thương hiệu,Ariana Grande,Kích thước,0.33 oz/ 10 ml eau de parfum spray,,,có,
2809382,Thương hiệu,Ariana Grande,Kích thước,0.33 oz/ 10 ml eau de parfum spray,,,có,
2809457,Thương hiệu,Ariana Grande,Kích thước,3.4 oz/ 100 ml eau de parfum spray,,,có,
2809465,Thương hiệu,Ariana Grande,Kích thước,3.4 oz/ 100 ml eau de parfum spray,,,có,
2809499,Thương hiệu,Ariana Grande,Kích thước,3.4 oz/ 100 ml eau de parfum spray,,,có,
2809788,Thương hiệu,Ariana Grande,Kích thước,4.2 oz / 125 ml eau de parfum,,,có,
2818623,Thương hiệu,Gisou,Kích thước,1.7oz / 50 ml,,,có,
2818912,Thương hiệu,Prada,Kích thước,3.4 oz / 100 ml eau de parfum spray,,,có,
2819043,Thương hiệu,CLEAN RESERVE,Kích thước,0.34 oz / 10 mL eau de parfum spray,,,có,
2819050,Thương hiệu,CLEAN RESERVE,Kích thước,3.4 oz / 100 mL eau de parfum spray,,,có,
2819274,Thương hiệu,Glossier,Kích thước,1.7 oz / 50 ml eau de parfum spray,,,có,
2819282,Thương hiệu,Glossier,Kích thước,1.7 oz / 50 ml eau de parfum spray,,,có,
2821726,Thương hiệu,Dolce&Gabbana,Kích thước,0.33 oz / 10 mL eau de toilette spray,,,có,
2822005,Thương hiệu,Montale,Kích thước,3.4 oz / 100 ml eau de parfum spray,,,có,
2822039,Thương hiệu,Montale,Kích thước,3.4 oz / 100 ml eau de parfum spray,,,có,
2822500,Thương hiệu,Dolce&Gabbana,Kích thước,3.3 oz / 100 ml eau de parfum spray,,,có,
2822559,Thương hiệu,PHLUR,Kích thước,0.32 oz / 9.5 mL eau de parfum spray,,,có,
2824027,Thương hiệu,DedCool,Kích thước,1.7 oz / 50 ml eau de parfum spray,,,có,
2827509,Thương hiệu,By Rosie Jane,Kích thước,0.30 oz / 10 ml eau de parfum spray,,,có,
2827517,Thương hiệu,By Rosie Jane,Kích thước,0.30 oz / 10 ml eau de parfum spray,,,có,
2827541,Thương hiệu,By Rosie Jane,Kích thước,0.33 oz / 10 ml eau de parfum spray,,,có,
2827558,Thương hiệu,By Rosie Jane,Kích thước,0.33 oz / 10 ml eau de parfum spray,,,có,
2827566,Thương hiệu,By Rosie Jane,Kích thước,0.33 oz / 10 ml eau de parfum spray,,,có,
2831089,Thương hiệu,Jo Malone London,Kích thước,0.33 oz / 10 ml spray,,,có,
2832962,Thương hiệu,The Maker,Kích thước,1.7 oz / 50 ml eau de parfum spray,,,có,
2832970,Thương hiệu,The Maker,Kích thước,0.33 oz / 10 ml eau de parfum spray,,,có,
2834414,Thương hiệu,Carolina Herrera,Kích thước,0.30 oz / 10 ml eau de parfum spray,,,có,
388512,Thương hiệu,CHANEL,Kích thước,1.7 oz,,,có,
420588,Thương hiệu,DIOR,Kích thước,3.4 oz/ 100 mL,,,có,
513176,Thương hiệu,CHANEL,Kích thước,3.4 oz/ 100 mL,,,có,
812388,Thương hiệu,Ralph Lauren,Kích thước,1 oz,,,có,
831248,Thương hiệu,HERMÈS,Kích thước,1.6 oz/ 47 mL,,,có,
934844,Thương hiệu,HERMÈS,Kích thước,1.6 oz Elixir des Merveilles Eau de Parfum Spray,,,có,
981530,Thương hiệu,Dolce&Gabbana,Kích thước,2.5 oz/ 75 mL,,,có,
2249688,Thương hiệu,Valentino,Kích thước,1.7 oz/ 50 mL eau de parfum spray,,,có,
2371896,Thương hiệu,Yves Saint Laurent,Kích thước,3oz/ 90 mL,,,có,
2649770,Thương hiệu,Glossier,Kích thước,1.7 oz / 50 mL eau de parfum spray,,,có,
1649607,Thương hiệu,Versace,Kích thước,0.3 oz/ 10 mL,,,có,
1985118,Thương hiệu,Sol de Janeiro,Kích thước,3.04 oz/ 90 mL,,Thuộc tính mặc định,có,
2205417,Thương hiệu,Sol de Janeiro,,,,,có,
2619294,Thương hiệu,Sol de Janeiro,Kích thước,0.27 oz / 8 mL Eau De Parfum Spray,,,có,
2652089,Thương hiệu,Sol de Janeiro,Kích thước,3.04 oz / 90 mL,,,có,
2678001,Thương hiệu,Jo Malone London,Kích thước,3.4 oz / 100 mL cologne spray,,,có,
2678035,Thương hiệu,Jo Malone London,Kích thước,1 oz / 30ml cologne spray,,,có,
2692846,Thương hiệu,KAYALI,Kích thước,0.34 oz eau de parfum spray,,,có,
2693851,Thương hiệu,NEST New York,,,,,có,
2697035,Thương hiệu,KAYALI,Kích thước,1.7 oz eau de parfum spray,,,có,
2697050,Thương hiệu,KAYALI,Kích thước,0.34 oz eau de parfum spray,,,có,
2734051,Thương hiệu,Rare Beauty by Selena Gomez,Kích thước,0.16 oz / 5 mL,,,có,
2734069,Thương hiệu,Sol de Janeiro,Kích thước,2.5 oz / 75 mL,,,có,
2742112,Thương hiệu,Sol de Janeiro,,,,,có,
2748812,Thương hiệu,Sephora Favorites,,,,,có,
2778397,Thương hiệu,Dolce&Gabbana,Kích thước,3.4 oz / 100 mL eau de parfum spray,,,có,
2791440,Thương hiệu,PHLUR,Kích thước,3 oz spray,,,có,
2791465,Thương hiệu,PHLUR,Kích thước,3 oz spray,,,có,
2791648,Thương hiệu,World of Chris Collins,,,,,có,
2798973,Thương hiệu,TOM FORD,Kích thước,3.4 oz / 100 mL eau de toilette spray,,,có,
2798981,Thương hiệu,TOM FORD,Kích thước,0.34 oz / 10 mL eau de toilette spray,,,có,
2799013,Thương hiệu,TOM FORD,Kích thước,1 oz / 30 ml eau de parfum spray,,,có,
2807477,Thương hiệu,Jo Malone London,Kích thước,3.4 oz / 100 ml cologne spray,,,có,
2812618,Thương hiệu,Rare Beauty by Selena Gomez,,,,,có,
2821734,Thương hiệu,Dolce&Gabbana,Kích thước,0.33 oz / 10 mL eau de parfum spray,,,có,
2822476,Thương hiệu,Jean Paul Gaultier,Kích thước,2.5 oz / 75 mL eau de toilette spray,,,có,
2825032,Thương hiệu,BURBERRY,Kích thước,1 oz / 30 ml eau de parfum spray,,,có,