SKU,Tên thuộc tính,Giá trị thuộc tính,Tên thuộc tính,Giá trị thuộc tính,,
2790962,Thương hiệu,KILIAN Paris,Kích thước,1.7 oz / 50 ml eau de parfum spray,,Giá trị thuộc tính
2821700,Thương hiệu,Dolce&Gabbana,Kích thước,0.33 oz / 10 mL eau de parfum spray,,KILIAN Paris
1019983,Thương hiệu,Dolce&Gabbana,Kích thước,2.5 oz/ 75 mL,,Dolce&Gabbana
1112481,Thương hiệu,Versace,Kích thước,3.4 oz/ 100 mL,,Versace
1200716,Thương hiệu,Yves Saint Laurent,Kích thước,3.3 oz/ 100 mL,,Yves Saint Laurent
1200773,Thương hiệu,Rabanne,Kích thước,3.4 oz/ 100 mL,,Rabanne
1284710,Thương hiệu,CHANEL,Kích thước,1.7 oz,,CHANEL
1359306,Thương hiệu,Versace,Kích thước,6.7 oz/ 200 mL,,DIOR
1513225,Thương hiệu,Versace,Kích thước,3.4 oz/ 100 mL,,TOM FORD
1695980,Thương hiệu,CHANEL,Kích thước,3.4 oz,,Montblanc
1703495,Thương hiệu,DIOR,Kích thước,2.5 oz/ 75 mL,,Prada
1706423,Thương hiệu,TOM FORD,Kích thước,3.4 oz/ 100 mL,,Armani Beauty
1739317,Thương hiệu,DIOR,Kích thước,2 oz/ 60 mL,,Valentino
1810688,Thương hiệu,Montblanc,Kích thước,1.7 oz/ 50 mL,,Carolina Herrera
1849207,Thương hiệu,Versace,Kích thước,3.4 oz/ 100 mL,,BURBERRY
2038123,Thương hiệu,DIOR,Kích thước,2.0 oz/ 60 mL,,Maison Louis Marie
2065415,Thương hiệu,CHANEL,Kích thước,3.4 oz/ 100 mL,,HERMÈS
2099729,Thương hiệu,Prada,Kích thước,3.4 oz/ 101 mL,,Jo Malone London
2099885,Thương hiệu,Yves Saint Laurent,Kích thước,3.4 oz/ 100 mL eau de parfum spray,,Ellis Brooklyn
2205466,Thương hiệu,Armani Beauty,Kích thước,3.4 oz/ 100 ml eau de parfum spray,,Viktor&Rolf
2227908,Thương hiệu,Montblanc,Kích thước,3.3 oz/ 100 mL Eau de Parfum Spray,,CLEAN RESERVE
2267797,Thương hiệu,DIOR,Kích thước,3.4 oz / 100 mL,,LoveShackFancy
2302099,Thương hiệu,Valentino,Kích thước,1.7 oz/ 50 mL,,FORVR Mood
2353498,Thương hiệu,Carolina Herrera,Kích thước,1.7 oz/ 50 mL,,5 SENS
2373629,Thương hiệu,Montblanc,Kích thước,3.4 oz/ 100 mL,,KAYALI
2408292,Thương hiệu,TOM FORD,Kích thước,1.7oz/ 50 mL,,Charlotte Tilbury
2467454,Thương hiệu,DIOR,Kích thước,2 oz/ 60 mL,,Maison Margiela
2470086,Thương hiệu,Prada,Kích thước,3.3 oz/ 100 mL,,BROWN GIRL Jane
2543734,Thương hiệu,Valentino,Kích thước,3.4 oz/ 100 mL,,Sephora Favorites
2545697,Thương hiệu,Carolina Herrera,Kích thước,1.7 oz / 50 mL eau de parfum spray,,Gucci
2546216,Thương hiệu,Yves Saint Laurent,Kích thước,3.4 oz / 100 mL,,PHLUR
2549947,Thương hiệu,Montblanc,Kích thước,1.7 oz/ 50 mL,,Commodity
2603363,Thương hiệu,BURBERRY,Kích thước,3.3 oz / 100mL,,DedCool
2639821,Thương hiệu,Valentino,Kích thước,1.7 oz / 50 mL eau de parfum spray,,Ariana Grande
2706273,Thương hiệu,Yves Saint Laurent,Kích thước,3.4 oz / 100 ml eau de parfum spray,,Glossier
2736536,Thương hiệu,Valentino,Kích thước,3.4 oz eau de toilette spray,,Marc Jacobs Fragrances
2741643,Thương hiệu,TOM FORD,Kích thước,3.4 oz / 100 ml eau de parfum spray,,Chloé
2765576,Thương hiệu,Dolce&Gabbana,Kích thước,3.3 oz eau de parfum spray,,Lancôme
2821692,Thương hiệu,Dolce&Gabbana,Kích thước,1.6 oz / 50 mL eau de parfum spray,,NEST New York
397299,Thương hiệu,Armani Beauty,Kích thước,3.3 oz / 100 ml eau de toilette spray,,Juliette Has a Gun
1113281,Thương hiệu,CHANEL,Kích thước,3 x 0.7 oz,,GUERLAIN
2321123,Thương hiệu,Maison Louis Marie,,,,Sol de Janeiro
2412120,Thương hiệu,HERMÈS,,,,The 7 Virtues
2412120,Thương hiệu,HERMÈS,,,,By Rosie Jane
2561835,Thương hiệu,Yves Saint Laurent,,,,OUAI
2616555,Thương hiệu,Jo Malone London,,,,Mugler
2616555,Thương hiệu,Jo Malone London,,,,SKYLAR
2619799,Thương hiệu,Ellis Brooklyn,,,,Moroccanoil
2640019,Thương hiệu,Ellis Brooklyn,,,,World of Chris Collins
2648400,Thương hiệu,HERMÈS,,,,HERETIC
2648400,Thương hiệu,HERMÈS,,,,Nette
2650794,Thương hiệu,Viktor&Rolf,,,,Floral Street
2650802,Thương hiệu,Viktor&Rolf,,,,Henry Rose
2655603,Thương hiệu,Armani Beauty,,,,JIMMY CHOO
2658128,Thương hiệu,CLEAN RESERVE,,,,Rare Beauty by Selena Gomez
2664746,Thương hiệu,Versace,,,,Salt & Stone
2693026,Thương hiệu,Ellis Brooklyn,,,,Jean Paul Gaultier
2701258,Thương hiệu,Valentino,,,,Gisou
2706877,Thương hiệu,Prada,,,,MERIT
2708147,Thương hiệu,LoveShackFancy,,,,Montale
2718781,Thương hiệu,FORVR Mood,,,,The Maker
2748978,Thương hiệu,5 SENS,,,,Ralph Lauren
2752640,Thương hiệu,KAYALI,,,,
2758746,Thương hiệu,Viktor&Rolf,,,,
2761914,Thương hiệu,Charlotte Tilbury,,,,
2761963,Thương hiệu,Maison Margiela,,,,
2764975,Thương hiệu,Jo Malone London,,,,
2771798,Thương hiệu,BROWN GIRL Jane,,,,
2771897,Thương hiệu,Jo Malone London,,,,
2778868,Thương hiệu,Sephora Favorites,,,,
2779569,Thương hiệu,Jo Malone London,,,,
2781847,Thương hiệu,LoveShackFancy,,,,
2786572,Thương hiệu,Dolce&Gabbana,,,,
2788198,Thương hiệu,Gucci,,,,
2789006,Thương hiệu,KILIAN Paris,,,,
2790061,Thương hiệu,Carolina Herrera,,,,
2791499,Thương hiệu,DIOR,,,,
2791564,Thương hiệu,DIOR,,,,
2795086,Thương hiệu,Gucci,,,,
2796308,Thương hiệu,KILIAN Paris,,,,
2796316,Thương hiệu,KILIAN Paris,,,,
2799237,Thương hiệu,5 SENS,,,,
2799955,Thương hiệu,Ellis Brooklyn,,,,
2800076,Thương hiệu,Prada,,,,
2800175,Thương hiệu,Sephora Favorites,,,,
2801090,Thương hiệu,PHLUR,,,,
2801447,Thương hiệu,Commodity,,,,
2804961,Thương hiệu,Armani Beauty,,,,
2804979,Thương hiệu,Armani Beauty,,,,
2805091,Thương hiệu,Sephora Favorites,,,,
2806180,Thương hiệu,Carolina Herrera,,,,
2808491,Thương hiệu,KAYALI,,,,
2808517,Thương hiệu,KAYALI,,,,
2808558,Thương hiệu,Charlotte Tilbury,,,,
2809283,Thương hiệu,DedCool,,,,
2809853,Thương hiệu,Maison Louis Marie,,,,
2809986,Thương hiệu,Gucci,,,,
2810000,Thương hiệu,BURBERRY,,,,
2810026,Thương hiệu,BURBERRY,,,,
2810034,Thương hiệu,Gucci,,,,
2810133,Thương hiệu,Carolina Herrera,,,,
2811743,Thương hiệu,HERMÈS,,,,
2811768,Thương hiệu,FORVR Mood,,,,
2813780,Thương hiệu,Ariana Grande,,,,
2814747,Thương hiệu,Glossier,,,,
2795292,Thương hiệu,Marc Jacobs Fragrances,,,,
1001098,Thương hiệu,CHANEL,Kích thước,3.4 oz,,
1007723,Thương hiệu,TOM FORD,Kích thước,1.7oz/ 50mL,,
1029958,Thương hiệu,Marc Jacobs Fragrances,Kích thước,3.3 oz / 100 ml eau de toilette spray,,
1063619,Thương hiệu,Versace,Kích thước,3 oz/ 90 mL,,
1237379,Thương hiệu,CHANEL,Kích thước,1.7 oz,,
1251164,Thương hiệu,Chloé,Kích thước,1 oz/ 30 mL,,
1284249,Thương hiệu,Armani Beauty,Kích thước,1.7 oz/ 50 mL,,
1317635,Thương hiệu,Marc Jacobs Fragrances,Kích thước,4.25 oz/ 125 mL,,
1361930,Thương hiệu,Prada,Kích thước,1.7 oz/ 50 mL,,
1377159,Thương hiệu,Viktor&Rolf,Kích thước,3.4 oz/ 100 mL,,
1400001,Thương hiệu,CHANEL,Kích thước,0.7 oz eau de toilette,,
1406586,Thương hiệu,Versace,Kích thước,3 oz/ 90 mL eau de toilette spray,,
1449115,Thương hiệu,TOM FORD,Kích thước,1.7 oz/ 50 mL,,
1449149,Thương hiệu,TOM FORD,Kích thước,1.7 oz/ 50 mL,,
1449214,Thương hiệu,TOM FORD,Kích thước,1.7 oz/ 50 mL,,
1449289,Thương hiệu,TOM FORD,Kích thước,1.7 oz/ 50 mL,,
1459999,Thương hiệu,Lancôme,Kích thước,1.7 oz/ 50 mL,,
1565902,Thương hiệu,TOM FORD,Kích thước,1.7 oz/ 50 mL,,
1585009,Thương hiệu,NEST New York,Kích thước,1.7 oz/ 50 mL,,
1593144,Thương hiệu,Maison Margiela,Kích thước,3.4 oz/ 100 mL eau de toilette spray,,
1601301,Thương hiệu,Dolce&Gabbana,Kích thước,2.5 oz / 75 mL eau de parfum spray,,
1602259,Thương hiệu,Maison Margiela,Kích thước,3.4 oz / 100 ml eau de toilette spray,,
1605385,Thương hiệu,Versace,Kích thước,3 oz/ 90 mL,,
1632777,Thương hiệu,TOM FORD,Kích thước,1.7 oz/ 50 mL,,
1688852,Thương hiệu,Yves Saint Laurent,Kích thước,3 oz/ 90 mL,,
1696921,Thương hiệu,Versace,Kích thước,3.4 oz/ 100 mL,,
1698299,Thương hiệu,Yves Saint Laurent,Kích thước,0.33 oz/ 10 mL eau de parfum spray,,
1703321,Thương hiệu,Juliette Has a Gun,Kích thước,3.3 oz/ 100 mL,,
1712918,Thương hiệu,Versace,Kích thước,0.34 oz/ 10 mL,,
1731918,Thương hiệu,Gucci,Kích thước,1 oz,,
1788058,Thương hiệu,Maison Margiela,Kích thước,3.4 oz/ 100 mL,,
1808088,Thương hiệu,TOM FORD,Kích thước,1.7 oz/ 50 mL,,
1837624,Thương hiệu,CHANEL,Kích thước,1.7 oz/ 50 mL,,
1838010,Thương hiệu,BURBERRY,Kích thước,3 oz/ 89 mL,,
1838861,Thương hiệu,Yves Saint Laurent,Kích thước,1.6 oz/ 47 mL,,
1856491,Thương hiệu,Juliette Has a Gun,Kích thước,3.3 oz/ 100 mL Eau de Parfum Spray,,
1873397,Thương hiệu,Ellis Brooklyn,Kích thước,1.7 oz/ 50 mL Eau de Parfum Spray,,
1873405,Thương hiệu,Ellis Brooklyn,Kích thước,1.7 oz/ 50 mL Eau de Parfum Spray,,
1912591,Thương hiệu,DIOR,Kích thước,3.4 oz/ 100 mL,,
1915487,Thương hiệu,Ellis Brooklyn,Kích thước,1.7 oz/ 50 mL Eau de Parfum Spray,,
1915537,Thương hiệu,GUERLAIN,Kích thước,3.3 oz/ 100 mL,,
1928548,Thương hiệu,Yves Saint Laurent,Kích thước,0.34 oz/ 10 mL,,
1930759,Thương hiệu,Sol de Janeiro,Kích thước,8.1 oz/ 240 mL,,
1942812,Thương hiệu,Dolce&Gabbana,Kích thước,3.3 oz/ 100 mL,,
1964840,Thương hiệu,Gucci,Kích thước,1.6 oz/ 50 mL,,
1976075,Thương hiệu,BURBERRY,Kích thước,3.0 oz/ 90 mL eau de parfum spray,,
1976554,Thương hiệu,HERMÈS,Kích thước,2.8 oz/ 83 mL,,
1985779,Thương hiệu,CLEAN RESERVE,Kích thước,0.34 oz/ 10 mL,,
1985779,Thương hiệu,CLEAN RESERVE,Kích thước,0.34 oz/ 10 mL,,
1992627,Thương hiệu,Maison Margiela,Kích thước,3.4 oz/ 100 mL,,
2036788,Thương hiệu,CLEAN RESERVE,Kích thước,0.33 oz/ 10 mL,,
2037471,Thương hiệu,Chloé,Kích thước,2.5 oz/ 75 mL,,
2037935,Thương hiệu,Armani Beauty,Kích thước,1.7 oz/ 50 mL,,
2038917,Thương hiệu,TOM FORD,Kích thước,0.33 oz/10 mL,,
2038933,Thương hiệu,TOM FORD,Kích thước,1.7 oz/ 50 mL,,
2040475,Thương hiệu,CHANEL,Kích thước,1.7 oz/ 50 mL,,
2047801,Thương hiệu,The 7 Virtues,Kích thước,1.7 oz/ 50 mL Eau de Parfum Spray,,
2052546,Thương hiệu,Versace,Kích thước,1.7 oz/ 50 mL,,
2056208,Thương hiệu,TOM FORD,Kích thước,1.7 oz/ 50 mL,,
2077980,Thương hiệu,Maison Louis Marie,Kích thước,1.7 oz/ 50 mL,,
2098044,Thương hiệu,DIOR,Kích thước,.7 oz / 20 mL eau de toilette rollerball,,
2101293,Thương hiệu,TOM FORD,Kích thước,1.7oz/ 50mL,,
2101368,Thương hiệu,TOM FORD,Kích thước,0.3 oz/ 10 mL,,
2160455,Thương hiệu,BURBERRY,Kích thước,1.6 oz/ 50 mL eau de parfum spray,,
2175727,Thương hiệu,TOM FORD,Kích thước,0.33 oz/ 10 mL,,
2175982,Thương hiệu,Juliette Has a Gun,Kích thước,3.3 oz / 100 mL,,
2176071,Thương hiệu,Marc Jacobs Fragrances,Kích thước,3.3 oz/ 100 mL,,
2176196,Thương hiệu,Gucci,Kích thước,1.6 oz/ 50 mL,,
2176584,Thương hiệu,Ellis Brooklyn,Kích thước,0.33oz/10mL,,
2176626,Thương hiệu,Ellis Brooklyn,Kích thước,1.7oz/50mL,,
2177996,Thương hiệu,Maison Margiela,Kích thước,3.4oz/ 100mL,,
2196996,Thương hiệu,CLEAN RESERVE,Kích thước,1oz/30mL,,
2197143,Thương hiệu,CLEAN RESERVE,Kích thước,2 oz / 60 mL,,
2202380,Thương hiệu,Jo Malone London,Kích thước,2 x 0.3oz/9mL,,
2236214,Thương hiệu,By Rosie Jane,Kích thước,1.7 oz/ 50 mL Eau De Parfum Spray,,
2236222,Thương hiệu,By Rosie Jane,Kích thước,1.7 oz/ 50 mL,,
2236255,Thương hiệu,By Rosie Jane,Kích thước,1.7 / 50,,
2238145,Thương hiệu,CHANEL,Kích thước,3.4 oz/ 100 mL,,
2249621,Thương hiệu,Lancôme,Kích thước,1.7 oz/ 50 mL,,
2251205,Thương hiệu,TOM FORD,Kích thước,1.7 oz/ 50 mL,,
2288025,Thương hiệu,Juliette Has a Gun,Kích thước,3.3 oz Eau de Parfum Spray,,
2316032,Thương hiệu,Yves Saint Laurent,Kích thước,3.04 oz/ 90 mL,,
2316099,Thương hiệu,CLEAN RESERVE,Kích thước,3.4 oz/ 100 mL,,
2316255,Thương hiệu,Maison Margiela,Kích thước,3.4 oz/ 100 mL,,
2316362,Thương hiệu,Juliette Has a Gun,Kích thước,3.3 oz/ 100 mL,,
2317345,Thương hiệu,Ellis Brooklyn,Kích thước,1.7 oz/ 50 mL,,
2317352,Thương hiệu,Ellis Brooklyn,Kích thước,1.7 oz/ 50 mL,,
2318756,Thương hiệu,TOM FORD,Kích thước,1.7 oz/ 50 mL,,
2319424,Thương hiệu,Armani Beauty,Kích thước,1 oz/ 30 mL,,
2320109,Thương hiệu,KILIAN Paris,Kích thước,1.7 oz / 50 mL Eau de Parfum Spray,,
2320133,Thương hiệu,KILIAN Paris,Kích thước,1.7 oz / 50 mL eau de parfum spray,,
2320174,Thương hiệu,KILIAN Paris,Kích thước,1.7 oz/ 50 mL Eau de Parfum Spray,,
2320240,Thương hiệu,DIOR,Kích thước,0.67 oz/ 20 mL,,
2327278,Thương hiệu,TOM FORD,Kích thước,1.5 oz/ 45 mL,,
2327278,Thương hiệu,TOM FORD,Kích thước,1.5 oz/ 45 mL,,
2355451,Thương hiệu,KILIAN Paris,Kích thước,0.24 oz / 7.5 mL eau de parfum spray,,
2361038,Thương hiệu,Maison Margiela,Kích thước,3.4 oz/ 100 mL,,
2362812,Thương hiệu,Marc Jacobs Fragrances,Kích thước,3.3 oz/ 100 mL,,
2362838,Thương hiệu,KILIAN Paris,Kích thước,1.7 oz / 50 mL eau de parfum spray,,
2369288,Thương hiệu,TOM FORD,Kích thước,3.4 oz/ 100 mL,,
2369338,Thương hiệu,TOM FORD,Kích thước,1.7 oz/ 50 mL,,
2369387,Thương hiệu,TOM FORD,Kích thước,0.33 oz/ 10 mL,,
2369940,Thương hiệu,OUAI,Kích thước,0.34 fl oz/ 10 mL,,
2370401,Thương hiệu,Valentino,Kích thước,1.7 oz/ 50 mL,,
2370435,Thương hiệu,Valentino,Kích thước,0.33 oz/ 10 mL,,
2371888,Thương hiệu,Yves Saint Laurent,Kích thước,5.07 oz / 147 mL eau de parfum spray,,
2371987,Thương hiệu,CHANEL,Kích thước,3.4 oz/ 100 mL,,
2373876,Thương hiệu,DIOR,Kích thước,1.7 oz/ 50 mL,,
2376044,Thương hiệu,Sol de Janeiro,Kích thước,3.0 oz/ 90 mL,,
2399764,Thương hiệu,Maison Margiela,Kích thước,3.4 oz / 100 mL,,
2408060,Thương hiệu,Gucci,Kích thước,1.6 oz/ 50 mL eau de toilette spray,,
2408177,Thương hiệu,Ellis Brooklyn,Kích thước,1.7 oz/ 50 mL Eau de Parfum Spray,,
2408250,Thương hiệu,Dolce&Gabbana,Kích thước,0.33 oz/ 10 mL,,
2408458,Thương hiệu,Valentino,Kích thước,3.4 oz/ 100 mL,,
2411429,Thương hiệu,NEST New York,Kích thước,1 oz/ 30 mL,,
2411437,Thương hiệu,NEST New York,Kích thước,0.20 oz / 6 ml,,
2427482,Thương hiệu,Versace,Kích thước,3.4 oz/ 100 mL,,
2444628,Thương hiệu,Maison Louis Marie,Kích thước,0.1 oz/ 3 mL,,
2444628,Thương hiệu,Maison Louis Marie,Kích thước,0.1 oz/ 3 mL,,
2461812,Thương hiệu,Sol de Janeiro,Kích thước,3 oz/ 90 mL,,
2465433,Thương hiệu,Maison Margiela,Kích thước,3.4 oz/ 100 mL,,
2466472,Thương hiệu,TOM FORD,Kích thước,3.4 oz/ 100 mL,,
2467157,Thương hiệu,Mugler,Kích thước,3 oz/ 89 mL eau de parfum spray,,
2468098,Thương hiệu,Carolina Herrera,Kích thước,2.7 oz/ 80 mL,,
2468353,Thương hiệu,SKYLAR,Kích thước,0.33 oz/ 10 mL,,
2470714,Thương hiệu,Gucci,Kích thước,3.3 oz / 100 ml eau de parfum spray,,
2471514,Thương hiệu,Maison Margiela,Kích thước,3.4 oz/ 100 mL,,
2474021,Thương hiệu,TOM FORD,Kích thước,1.7 oz/ 50 mL,,
2474237,Thương hiệu,KILIAN Paris,Kích thước,1.7 oz/ 50 mL Eau de Parfum Spray,,
2480564,Thương hiệu,Viktor&Rolf,Kích thước,3.4 oz eau de parfum spray,,
2483121,Thương hiệu,Moroccanoil,Kích thước,1 oz/ 30 mL,,
2483139,Thương hiệu,Moroccanoil,Kích thước,3.4 oz/ 100 mL,,
2493930,Thương hiệu,KAYALI,Kích thước,0.33 oz/ 10 mL eau de parfum spray,,
2493955,Thương hiệu,KAYALI,Kích thước,3.4 oz/ 100 mL eau de parfum spray,,
2531812,Thương hiệu,DIOR,Kích thước,0.7 oz/ 20 mL,,
2541399,Thương hiệu,Valentino,Kích thước,3.4 oz/100 mL,,
2541530,Thương hiệu,Gucci,Kích thước,1.7 oz/ 50 mL,,
2543627,Thương hiệu,Valentino,Kích thước,.33 oz / 10 mL,,
2543635,Thương hiệu,Valentino,Kích thước,0.33 oz/ 10 mL,,
2544484,Thương hiệu,BURBERRY,Kích thước,3.3 oz/ 100 mL eau de toilette spray,,
2546125,Thương hiệu,Yves Saint Laurent,Kích thước,1.7 oz / 50 mL,,
2549236,Thương hiệu,Ellis Brooklyn,Kích thước,1.7 oz/ 50 mL Eau de Parfum Spray,,
2552511,Thương hiệu,Ellis Brooklyn,Kích thước,1.7 oz/ 50 mL eau de parfum spray,,
2553188,Thương hiệu,DIOR,Kích thước,3.4 oz / 100 mL,,
2553311,Thương hiệu,Viktor&Rolf,Kích thước,1.7 oz / 50 mL eau de parfum spray,,
2558807,Thương hiệu,World of Chris Collins,Kích thước,1.7 oz/ 50 mL,,
2562718,Thương hiệu,HERETIC,Kích thước,1.7 oz/ 50 mL eau de parfum,,
2568350,Thương hiệu,PHLUR,Kích thước,1.7 oz/ 50 mL,,
2569747,Thương hiệu,Sol de Janeiro,Kích thước,3.04 oz / 90 mL,,
2576072,Thương hiệu,KILIAN Paris,Kích thước,1.70 oz / 50 mL eau de parfum spray,,
2577443,Thương hiệu,Sol de Janeiro,Kích thước,8.01 oz / 240 mL,,
2577443,Thương hiệu,Sol de Janeiro,Kích thước,8.01 oz / 240 mL,,
2586253,Thương hiệu,Lancôme,Kích thước,0.33 oz / 10 mL,,
2590503,Thương hiệu,Maison Margiela,Kích thước,3.4 oz / 100 mL eau de toilette spray,,
2591170,Thương hiệu,Prada,Kích thước,3 oz / 90 mL,,
2591196,Thương hiệu,Prada,Kích thước,0.33 oz / 10 mL eau de parfum spray,,
2594158,Thương hiệu,TOM FORD,Kích thước,1 oz / 30 mL eau de parfum spray,,
2599900,Thương hiệu,KAYALI,Kích thước,.34 oz / 10 mL eau de parfum spray,,
2599900,Thương hiệu,KAYALI,Kích thước,.34 oz / 10 mL eau de parfum spray,,
2599967,Thương hiệu,KAYALI,Kích thước,1.7 oz / 50 mL,,
2600534,Thương hiệu,KILIAN Paris,Kích thước,0.33 oz / 10 mL eau de parfum spray,,
2600542,Thương hiệu,KILIAN Paris,Kích thước,1.7 oz / 50 mL eau de parfum spray,,
2603231,Thương hiệu,Gucci,Kích thước,3.3 oz / 100 mL eau de parfum spray,,
2603280,Thương hiệu,Marc Jacobs Fragrances,Kích thước,2.5 oz / 75 mL,,
2603322,Thương hiệu,BURBERRY,Kích thước,0.33 oz / 10 mL parfum spray,,
2608735,Thương hiệu,BURBERRY,Kích thước,3.4 oz / 100 mL parfum spray,,
260885,Thương hiệu,DIOR,Kích thước,1.7 oz/ 50 mL,,
2611465,Thương hiệu,KAYALI,Kích thước,3.4 oz / 100 mL eau de parfum spray,,
2616084,Thương hiệu,Commodity,Kích thước,3.4 oz / 100 mL eau de parfum spray,,
2619294,Thương hiệu,Sol de Janeiro,Kích thước,0.27 oz / 8 mL Eau De Parfum Spray,,
2628873,Thương hiệu,CLEAN RESERVE,Kích thước,0.33 oz / 10 mL eau de parfum spray,,
2628873,Thương hiệu,CLEAN RESERVE,Kích thước,0.33 oz / 10 mL eau de parfum spray,,
2634657,Thương hiệu,KAYALI,Kích thước,0.33 oz / 10 mL eau de parfum spray,,
2634673,Thương hiệu,KAYALI,Kích thước,3.4 oz / 100 mL eau de parfum spray,,
2636108,Thương hiệu,CLEAN RESERVE,Kích thước,3.4 oz eau de parfum spray,,
2636116,Thương hiệu,CLEAN RESERVE,Kích thước,0.34 oz eau de parfum rollerball,,
2639615,Thương hiệu,Yves Saint Laurent,Kích thước,1.0 oz / 30 ml eau de parfum,,
2639789,Thương hiệu,Valentino,Kích thước,1 oz / 30 mL eau de parfum spray,,
2639797,Thương hiệu,Valentino,Kích thước,0.34 oz / 10 mL eau de parfum spray,,
2640092,Thương hiệu,TOM FORD,Kích thước,1.7 oz / 50 mL,,
2640118,Thương hiệu,TOM FORD,Kích thước,1.7 oz / 50 mL,,
2644417,Thương hiệu,Gucci,Kích thước,0.33 oz / 10 ml eau de parfum spray,,
2644417,Thương hiệu,Gucci,Kích thước,0.33 oz / 10 ml eau de parfum spray,,
2644458,Thương hiệu,Gucci,Kích thước,0.33 oz / 10 ml eau de parfum spray,,
2644474,Thương hiệu,Gucci,Kích thước,0.33 oz / 10 mL,,
2644474,Thương hiệu,Gucci,Kích thước,0.33 oz / 10 mL,,
2644482,Thương hiệu,Gucci,Kích thước,0.33 oz,,
2644532,Thương hiệu,DIOR,Kích thước,3.4 oz / 100 mL eau de toilette spray,,
2647782,Thương hiệu,PHLUR,Kích thước,1.7 oz / 50 mL,,
2648632,Thương hiệu,By Rosie Jane,Kích thước,1.7 oz eau de parfum spray,,
2648665,Thương hiệu,Maison Louis Marie,Kích thước,1.7 oz / 50 mL eau de parfum spray,,
2648681,Thương hiệu,Maison Louis Marie,Kích thước,0.50 oz / 15 mL perfume oil,,
2648699,Thương hiệu,Maison Louis Marie,Kích thước,0.1 oz / 3 mL perfume oil,,
2652071,Thương hiệu,Sol de Janeiro,Kích thước,8.1 oz / 240 mL,,
2653327,Thương hiệu,Carolina Herrera,Kích thước,0.34 oz / 10 mL eau de parfum spray,,
2653327,Thương hiệu,Carolina Herrera,Kích thước,0.34 oz / 10 mL eau de parfum spray,,
2657567,Thương hiệu,Versace,Kích thước,3.4 oz / 100 mL eau de parfum spray,,
2659357,Thương hiệu,Nette,Kích thước,.33 / 10 mL eau de parfum spray,,
2660041,Thương hiệu,Floral Street,Kích thước,0.33 oz / 10 mL eau de parfum spray,,
2672095,Thương hiệu,Jo Malone London,Kích thước,1.7 oz / 50 ml cologne spray,,
2672152,Thương hiệu,Jo Malone London,Kích thước,3.4 oz / 100 ml cologne spray,,
2674463,Thương hiệu,5 SENS,Kích thước,1 oz / 30 mL eau de parfum spray,,
2674919,Thương hiệu,Dolce&Gabbana,Kích thước,1 oz eau de toilette Spray,,
2674943,Thương hiệu,Dolce&Gabbana,Kích thước,3.4 oz / 100 mL eau de toilette spray,,
2675841,Thương hiệu,Mugler,Kích thước,3.4 oz / 100 mL eau de parfum spray,,
2676443,Thương hiệu,DedCool,Kích thước,0.5 oz / 15 ml eau de parfum spray,,
2676443,Thương hiệu,DedCool,Kích thước,0.5 oz / 15 ml eau de parfum spray,,
2678100,Thương hiệu,Jo Malone London,Kích thước,3.4oz / 100ml cologne spray,,
2685030,Thương hiệu,DedCool,Kích thước,1.7 oz,,
2685840,Thương hiệu,Henry Rose,Kích thước,1.7 oz / 50 mL eau de parfum spray,,
2686616,Thương hiệu,Jo Malone London,Kích thước,3.4 oz / 100 ml spray,,
2689602,Thương hiệu,Gucci,Kích thước,3.4 oz / 100 ml eau de parfum,,
2689610,Thương hiệu,BURBERRY,Kích thước,0.34 oz / 10 ml eau de parfum spray,,
2690345,Thương hiệu,Prada,Kích thước,1.7 oz / 50 mL eau de parfum spray,,
2692242,Thương hiệu,KILIAN Paris,Kích thước,1.7 oz / 50 mL eau de parfum spray,,
2692911,Thương hiệu,KAYALI,Kích thước,3.4 oz eau de parfum spray,,
2692929,Thương hiệu,KAYALI,Kích thước,0.33 oz eau de parfum spray,,
2693349,Thương hiệu,PHLUR,Kích thước,3 oz eau de parfum spray,,
2693356,Thương hiệu,PHLUR,Kích thước,eau de parfum spray,,
2693364,Thương hiệu,PHLUR,Kích thước,3 oz eau de parfum spray,,
2693380,Thương hiệu,PHLUR,Kích thước,3 oz eau de parfum spray,,
2693612,Thương hiệu,JIMMY CHOO,Kích thước,0.33 oz / 10 ml eau de parfum spray,,
2694941,Thương hiệu,Maison Margiela,Kích thước,3.4 oz eau de toilette spray,,
2695062,Thương hiệu,Chloé,Kích thước,3.3 oz eau de parfum spray,,
2695302,Thương hiệu,BURBERRY,Kích thước,5 oz / 147.9 ml Refill eau de parfum spray,,
2697720,Thương hiệu,TOM FORD,Kích thước,1 oz / 30 ml eau de parfum spray,,
2698181,Thương hiệu,CHANEL,Kích thước,1.7 oz / 50 mL eau de parfum spray,,
2699239,Thương hiệu,Marc Jacobs Fragrances,Kích thước,3.3 oz / 100 mL eau de parfum,,
2703437,Thương hiệu,Yves Saint Laurent,Kích thước,3 oz / 90 mL eau de parfum spray,,
2704013,Thương hiệu,DIOR,Kích thước,1.7 oz / 50 mL eau de parfum spray,,
2704062,Thương hiệu,JIMMY CHOO,Kích thước,3.4 oz / 100 ml eau de parfum spray,,
2704062,Thương hiệu,JIMMY CHOO,Kích thước,3.4 oz / 100 ml eau de parfum spray,,
2704096,Thương hiệu,JIMMY CHOO,Kích thước,0.33 oz / 10 ml eau de parfum spray,,
2704096,Thương hiệu,JIMMY CHOO,Kích thước,0.33 oz / 10 ml eau de parfum spray,,
2705309,Thương hiệu,KAYALI,Kích thước,0.33 oz / 10 ml eau de parfum spray,,
2705325,Thương hiệu,KAYALI,Kích thước,0.33 oz / 10 ml eau de parfum spray,,
2705333,Thương hiệu,KAYALI,Kích thước,1.7 oz / 50 ml eau de parfum spray,,
2718690,Thương hiệu,FORVR Mood,Kích thước,1.7 oz eau de parfum spray,,
2718708,Thương hiệu,FORVR Mood,Kích thước,1.7 oz eau de parfum spray,,
2718716,Thương hiệu,FORVR Mood,Kích thước,1.7 oz eau de parfum spray,,
2718724,Thương hiệu,FORVR Mood,Kích thước,1.7 oz eau de parfum spray,,
2718732,Thương hiệu,FORVR Mood,Kích thước,0.34 oz eau de parfum spray,,
2725927,Thương hiệu,Maison Margiela,Kích thước,3.4 oz eau de toilette spray,,
2728822,Thương hiệu,Dolce&Gabbana,Kích thước,1 oz eau de parfum spray,,
2729713,Thương hiệu,TOM FORD,Kích thước,1.7 oz eau de parfum,,
2729879,Thương hiệu,Viktor&Rolf,Kích thước,0.34 oz eau de parfum spray,,
2732691,Thương hiệu,Yves Saint Laurent,Kích thước,0.33 oz eau de parfum,,
2734044,Thương hiệu,Rare Beauty by Selena Gomez,Kích thước,3.3 oz / 100 mL,,
2734085,Thương hiệu,Sol de Janeiro,Kích thước,3.04 oz,,
2734093,Thương hiệu,Sol de Janeiro,Kích thước,8.1 oz,,
2736189,Thương hiệu,Nette,Kích thước,1.7 oz / 50 mL eau de parfum spray,,
2736494,Thương hiệu,Valentino,Kích thước,1 oz eau de parfum spray,,
2736502,Thương hiệu,Valentino,Kích thước,0.33 oz eau de parfum spray,,
2737690,Thương hiệu,Glossier,Kích thước,3.4 OZ / 100 ML EAU DE PARFUM SPRAY,,
2740959,Thương hiệu,Jo Malone London,Kích thước,3.3 oz / 100 mL spray,,
2741668,Thương hiệu,5 SENS,Kích thước,1 oz / 30 ml eau de parfum spray,,
2747194,Thương hiệu,DIOR,Kích thước,1.2 oz parfum spray,,
2747384,Thương hiệu,Carolina Herrera,Kích thước,1.7 oz / 50 mL elixir spray,,
2747442,Thương hiệu,Ellis Brooklyn,Kích thước,1.7 oz / 50 ml eau de toilette spray,,
2748523,Thương hiệu,TOM FORD,Kích thước,1.7 oz / 50 mL perfume spray,,
2748929,Thương hiệu,Carolina Herrera,Kích thước,3.4 oz/ 100 ml spray,,
2751865,Thương hiệu,Mugler,Kích thước,0.34 oz / 10 mL eau de parfum spray,,
2752665,Thương hiệu,KAYALI,Kích thước,0.34 oz / 10 ml eau de parfum spray,,
2752665,Thương hiệu,KAYALI,Kích thước,0.34 oz / 10 ml eau de parfum spray,,
2753879,Thương hiệu,Armani Beauty,Kích thước,3.4 oz eau de parfum spray,,
2758928,Thương hiệu,Jo Malone London,Kích thước,0.34 oz / 10 mL cologne spray,,
2758928,Thương hiệu,Jo Malone London,Kích thước,0.34 oz / 10 mL cologne spray,,
2759918,Thương hiệu,Dolce&Gabbana,Kích thước,1.6 oz,,
2760148,Thương hiệu,Salt & Stone,Kích thước,3.4 oz / 100 mL,,
2761609,Thương hiệu,Ellis Brooklyn,Kích thước,1.7 oz / 50 ml eau de parfum spray,,
2761815,Thương hiệu,Charlotte Tilbury,Kích thước,0.34 oz eau de parfum spray,,
2761831,Thương hiệu,Charlotte Tilbury,Kích thước,0.34 oz eau de parfum spray,,
2761856,Thương hiệu,Charlotte Tilbury,Kích thước,3.4 oz eau de parfum spray,,
2761864,Thương hiệu,Charlotte Tilbury,Kích thước,3.4 oz eau de parfum spray,,
2761872,Thương hiệu,Charlotte Tilbury,Kích thước,0.34 oz eau de parfum spray,,
2761880,Thương hiệu,Charlotte Tilbury,Kích thước,3.4 oz eau de parfum spray,,
2761898,Thương hiệu,Charlotte Tilbury,Kích thước,0.34 oz eau de parfum spray,,
2761906,Thương hiệu,Charlotte Tilbury,Kích thước,0.34 oz eau de parfum spray,,
2761906,Thương hiệu,Charlotte Tilbury,Kích thước,0.34 oz eau de parfum spray,,
2761922,Thương hiệu,Charlotte Tilbury,Kích thước,0.34 oz eau de parfum spray,,
2761930,Thương hiệu,Charlotte Tilbury,Kích thước,3.4 oz eau de parfum spray,,
2762433,Thương hiệu,PHLUR,Kích thước,3 oz,,
2762458,Thương hiệu,PHLUR,Kích thước,3 oz,,
2764173,Thương hiệu,KILIAN Paris,Kích thước,1.7 oz / 50 ml eau de parfum spray,,
2765303,Thương hiệu,PHLUR,Kích thước,0.32 oz / 9.5 ml eau de parfum spray,,
2765311,Thương hiệu,PHLUR,Kích thước,1.7 oz / 50 ml eau de parfum spray,,
2766517,Thương hiệu,Maison Louis Marie,Kích thước,0.5 oz eau de parfum oil,,
2766525,Thương hiệu,Maison Louis Marie,Kích thước,1.7 oz / 50 mL eau de parfum spray,,
2766533,Thương hiệu,Maison Louis Marie,Kích thước,0.1 oz eau de parfum oil,,
2769370,Thương hiệu,NEST New York,Kích thước,4.2 oz spray,,
2770485,Thương hiệu,OUAI,Kích thước,3.3 oz,,
2771533,Thương hiệu,Glossier,Kích thước,0.27 oz/ 8 mL eau de parfum spray,,
2771715,Thương hiệu,BROWN GIRL Jane,Kích thước,1.7 oz / 50 ml eau de parfum spray,,
2771772,Thương hiệu,BROWN GIRL Jane,Kích thước,1.7 oz eau de parfum spray,,
2771780,Thương hiệu,BROWN GIRL Jane,Kích thước,0.34 oz eau de parfum spray,,
2774768,Thương hiệu,Sol de Janeiro,Kích thước,3.04 oz,,
2774776,Thương hiệu,Sol de Janeiro,Kích thước,3.04 oz,,
2774792,Thương hiệu,Sol de Janeiro,Kích thước,3.04 oz,,
2778371,Thương hiệu,Dolce&Gabbana,Kích thước,2.5 oz / 75 mL eau de toilette spray,,
2778603,Thương hiệu,Jean Paul Gaultier,Kích thước,0.5 oz / 15 mL eau de parfum spray,,
2787604,Thương hiệu,BURBERRY,Kích thước,3.3 oz / 100 ml eau de parfum,,
2788149,Thương hiệu,Gucci,Kích thước,3.3 oz / 100 ml eau de parfum spray,,
2788164,Thương hiệu,Gucci,Kích thước,0.33 oz / 10 ml eau de parfum spray,,
2788727,Thương hiệu,DedCool,Kích thước,32 oz/ 947 ml,,
2788735,Thương hiệu,DedCool,Kích thước,2 oz/ 60 mL,,
2788743,Thương hiệu,DedCool,Kích thước,2 oz/ 60 mL,,
2790095,Thương hiệu,KAYALI,Kích thước,0.33 oz / 10 ml eau de parfum spray,,
2790103,Thương hiệu,KAYALI,Kích thước,0.33 oz / 10 ml eau de parfum spray,,
2790111,Thương hiệu,KAYALI,Kích thước,0.33 oz / 10 ml eau de parfum spray,,
2791382,Thương hiệu,CHANEL,Kích thước,3.4 oz / 100ml eau de toilette spray,,
2791432,Thương hiệu,PHLUR,Kích thước,8 oz spray,,
2791457,Thương hiệu,PHLUR,Kích thước,8 oz spray,,
2791598,Thương hiệu,DIOR,Kích thước,0.7 oz / 20 ml eau de parfum rollerball,,
2791606,Thương hiệu,The 7 Virtues,Kích thước,1.7 oz / 50ml eau de parfum spray,,
2791614,Thương hiệu,The 7 Virtues,Kích thước,0.34 oz / 10ml eau de parfum spray,,
2791663,Thương hiệu,Ellis Brooklyn,Kích thước,1.7 oz / 50 ml spray,,
2794527,Thương hiệu,JIMMY CHOO,Kích thước,0.34 oz / 10 ml parfum spray,,
2796514,Thương hiệu,Sol de Janeiro,Kích thước,3 oz / 90 ml,,
2796597,Thương hiệu,Sol de Janeiro,Kích thước,8.1 oz / 240 ml,,
2799153,Thương hiệu,Ellis Brooklyn,Kích thước,3.4 oz / 100 ml spray,,
2799286,Thương hiệu,Prada,Kích thước,3 oz / 90 ml eau de parfum spray,,
2799310,Thương hiệu,Maison Margiela,Kích thước,3.4 oz / 100 ml eau de toilette spray,,
2799898,Thương hiệu,Yves Saint Laurent,Kích thước,3 oz/ 90 ml eau de parfum spray,,
2800050,Thương hiệu,Marc Jacobs Fragrances,Kích thước,3.3 oz / 100 ml eau de parfum spray,,
2800142,Thương hiệu,HERMÈS,Kích thước,0.5 oz / 15 ml parfum spray,,
2800142,Thương hiệu,HERMÈS,Kích thước,0.5 oz / 15 ml parfum spray,,
2800209,Thương hiệu,NEST New York,Kích thước,0.27 oz eau de parfum spray,,
2800217,Thương hiệu,NEST New York,Kích thước,1.7 oz eau de parfum spray,,
2800415,Thương hiệu,Dolce&Gabbana,Kích thước,3.3 oz / 100 ml eau de parfum spray,,
2801561,Thương hiệu,Yves Saint Laurent,Kích thước,0.33 oz / 10 ml eau de parfum spray,,
2804516,Thương hiệu,Rabanne,Kích thước,3 oz / 90 ml eau de parfum spray,,
2804722,Thương hiệu,LoveShackFancy,Kích thước,,,
2804730,Thương hiệu,LoveShackFancy,Kích thước,3 oz / 90 mL,,
2804748,Thương hiệu,LoveShackFancy,Kích thước,3 oz / 90 mL,,
2804763,Thương hiệu,LoveShackFancy,Kích thước,8 oz / 240 ml Body Spray,,
2804771,Thương hiệu,LoveShackFancy,Kích thước,8 oz / 240 ml Body Spray,,
2804821,Thương hiệu,KAYALI,Kích thước,3.4 fl oz / 100 mL eau de parfum spray,,
2806172,Thương hiệu,Carolina Herrera,Kích thước,0.24 oz / 7 mL elixir spray,,
2806743,Thương hiệu,Gisou,Kích thước,1.7 oz / 50 ml,,
2807139,Thương hiệu,MERIT,Kích thước,1 oz / 30 mL parfum spray,,
2808590,Thương hiệu,Jean Paul Gaultier,Kích thước,1.7 oz / 50 ml parfum spray,,
2809374,Thương hiệu,Ariana Grande,Kích thước,0.33 oz/ 10 ml eau de parfum spray,,
2809382,Thương hiệu,Ariana Grande,Kích thước,0.33 oz/ 10 ml eau de parfum spray,,
2809382,Thương hiệu,Ariana Grande,Kích thước,0.33 oz/ 10 ml eau de parfum spray,,
2809457,Thương hiệu,Ariana Grande,Kích thước,3.4 oz/ 100 ml eau de parfum spray,,
2809465,Thương hiệu,Ariana Grande,Kích thước,3.4 oz/ 100 ml eau de parfum spray,,
2809499,Thương hiệu,Ariana Grande,Kích thước,3.4 oz/ 100 ml eau de parfum spray,,
2809788,Thương hiệu,Ariana Grande,Kích thước,4.2 oz / 125 ml eau de parfum,,
2818623,Thương hiệu,Gisou,Kích thước,1.7oz / 50 ml,,
2818912,Thương hiệu,Prada,Kích thước,3.4 oz / 100 ml eau de parfum spray,,
2819043,Thương hiệu,CLEAN RESERVE,Kích thước,0.34 oz / 10 mL eau de parfum spray,,
2819050,Thương hiệu,CLEAN RESERVE,Kích thước,3.4 oz / 100 mL eau de parfum spray,,
2819274,Thương hiệu,Glossier,Kích thước,1.7 oz / 50 ml eau de parfum spray,,
2819282,Thương hiệu,Glossier,Kích thước,1.7 oz / 50 ml eau de parfum spray,,
2821726,Thương hiệu,Dolce&Gabbana,Kích thước,0.33 oz / 10 mL eau de toilette spray,,
2822005,Thương hiệu,Montale,Kích thước,3.4 oz / 100 ml eau de parfum spray,,
2822039,Thương hiệu,Montale,Kích thước,3.4 oz / 100 ml eau de parfum spray,,
2822500,Thương hiệu,Dolce&Gabbana,Kích thước,3.3 oz / 100 ml eau de parfum spray,,
2822559,Thương hiệu,PHLUR,Kích thước,0.32 oz / 9.5 mL eau de parfum spray,,
2824027,Thương hiệu,DedCool,Kích thước,1.7 oz / 50 ml eau de parfum spray,,
2827509,Thương hiệu,By Rosie Jane,Kích thước,0.30 oz / 10 ml eau de parfum spray,,
2827517,Thương hiệu,By Rosie Jane,Kích thước,0.30 oz / 10 ml eau de parfum spray,,
2827541,Thương hiệu,By Rosie Jane,Kích thước,0.33 oz / 10 ml eau de parfum spray,,
2827558,Thương hiệu,By Rosie Jane,Kích thước,0.33 oz / 10 ml eau de parfum spray,,
2827566,Thương hiệu,By Rosie Jane,Kích thước,0.33 oz / 10 ml eau de parfum spray,,
2831089,Thương hiệu,Jo Malone London,Kích thước,0.33 oz / 10 ml spray,,
2832962,Thương hiệu,The Maker,Kích thước,1.7 oz / 50 ml eau de parfum spray,,
2832970,Thương hiệu,The Maker,Kích thước,0.33 oz / 10 ml eau de parfum spray,,
2834414,Thương hiệu,Carolina Herrera,Kích thước,0.30 oz / 10 ml eau de parfum spray,,
388512,Thương hiệu,CHANEL,Kích thước,1.7 oz,,
420588,Thương hiệu,DIOR,Kích thước,3.4 oz/ 100 mL,,
513176,Thương hiệu,CHANEL,Kích thước,3.4 oz/ 100 mL,,
812388,Thương hiệu,Ralph Lauren,Kích thước,1 oz,,
831248,Thương hiệu,HERMÈS,Kích thước,1.6 oz/ 47 mL,,
934844,Thương hiệu,HERMÈS,Kích thước,1.6 oz Elixir des Merveilles Eau de Parfum Spray,,
981530,Thương hiệu,Dolce&Gabbana,Kích thước,2.5 oz/ 75 mL,,
2249688,Thương hiệu,Valentino,Kích thước,1.7 oz/ 50 mL eau de parfum spray,,
2371896,Thương hiệu,Yves Saint Laurent,Kích thước,3oz/ 90 mL,,
2649770,Thương hiệu,Glossier,Kích thước,1.7 oz / 50 mL eau de parfum spray,,
1649607,Thương hiệu,Versace,Kích thước,0.3 oz/ 10 mL,,
1985118,Thương hiệu,Sol de Janeiro,Kích thước,3.04 oz/ 90 mL,,
2205417,Thương hiệu,Sol de Janeiro,,,,
2619294,Thương hiệu,Sol de Janeiro,Kích thước,0.27 oz / 8 mL Eau De Parfum Spray,,
2652089,Thương hiệu,Sol de Janeiro,Kích thước,3.04 oz / 90 mL,,
2678001,Thương hiệu,Jo Malone London,Kích thước,3.4 oz / 100 mL cologne spray,,
2678035,Thương hiệu,Jo Malone London,Kích thước,1 oz / 30ml cologne spray,,
2692846,Thương hiệu,KAYALI,Kích thước,0.34 oz eau de parfum spray,,
2693851,Thương hiệu,NEST New York,,,,
2697035,Thương hiệu,KAYALI,Kích thước,1.7 oz eau de parfum spray,,
2697050,Thương hiệu,KAYALI,Kích thước,0.34 oz eau de parfum spray,,
2734051,Thương hiệu,Rare Beauty by Selena Gomez,Kích thước,0.16 oz / 5 mL,,
2734069,Thương hiệu,Sol de Janeiro,Kích thước,2.5 oz / 75 mL,,
2742112,Thương hiệu,Sol de Janeiro,,,,
2748812,Thương hiệu,Sephora Favorites,,,,
2778397,Thương hiệu,Dolce&Gabbana,Kích thước,3.4 oz / 100 mL eau de parfum spray,,
2791440,Thương hiệu,PHLUR,Kích thước,3 oz spray,,
2791465,Thương hiệu,PHLUR,Kích thước,3 oz spray,,
2791648,Thương hiệu,World of Chris Collins,,,,
2798973,Thương hiệu,TOM FORD,Kích thước,3.4 oz / 100 mL eau de toilette spray,,
2798981,Thương hiệu,TOM FORD,Kích thước,0.34 oz / 10 mL eau de toilette spray,,
2799013,Thương hiệu,TOM FORD,Kích thước,1 oz / 30 ml eau de parfum spray,,
2807477,Thương hiệu,Jo Malone London,Kích thước,3.4 oz / 100 ml cologne spray,,
2812618,Thương hiệu,Rare Beauty by Selena Gomez,,,,
2821734,Thương hiệu,Dolce&Gabbana,Kích thước,0.33 oz / 10 mL eau de parfum spray,,
2822476,Thương hiệu,Jean Paul Gaultier,Kích thước,2.5 oz / 75 mL eau de toilette spray,,
2825032,Thương hiệu,BURBERRY,Kích thước,1 oz / 30 ml eau de parfum spray,,